#
# There is insufficient memory for the Java Runtime Environment to continue.
# Native memory allocation (malloc) failed to allocate 704176 bytes. Error detail: Chunk::new
# Possible reasons:
#   The system is out of physical RAM or swap space
#   This process is running with CompressedOops enabled, and the Java Heap may be blocking the growth of the native heap
# Possible solutions:
#   Reduce memory load on the system
#   Increase physical memory or swap space
#   Check if swap backing store is full
#   Decrease Java heap size (-Xmx/-Xms)
#   Decrease number of Java threads
#   Decrease Java thread stack sizes (-Xss)
#   Set larger code cache with -XX:ReservedCodeCacheSize=
#   JVM is running with Unscaled Compressed Oops mode in which the Java heap is
#     placed in the first 4GB address space. The Java Heap base address is the
#     maximum limit for the native heap growth. Please use -XX:HeapBaseMinAddress
#     to set the Java Heap base and to place the Java Heap above 4GB virtual address.
# This output file may be truncated or incomplete.
#
#  Out of Memory Error (arena.cpp:168), pid=16788, tid=16964
#
# JRE version: OpenJDK Runtime Environment (21.0.10) (build 21.0.10+-14961533-b1163.108)
# Java VM: OpenJDK 64-Bit Server VM (21.0.10+-14961533-b1163.108, mixed mode, tiered, compressed oops, compressed class ptrs, g1 gc, windows-amd64)
# No core dump will be written. Minidumps are not enabled by default on client versions of Windows
#

---------------  S U M M A R Y ------------

Command Line: --add-opens=java.base/java.lang=ALL-UNNAMED --add-opens=java.base/java.lang.invoke=ALL-UNNAMED --add-opens=java.base/java.util=ALL-UNNAMED --add-opens=java.prefs/java.util.prefs=ALL-UNNAMED --add-exports=jdk.compiler/com.sun.tools.javac.api=ALL-UNNAMED --add-exports=jdk.compiler/com.sun.tools.javac.util=ALL-UNNAMED --add-opens=java.base/java.util=ALL-UNNAMED --add-opens=java.prefs/java.util.prefs=ALL-UNNAMED --add-opens=java.base/java.nio.charset=ALL-UNNAMED --add-opens=java.base/java.net=ALL-UNNAMED --add-opens=java.base/java.util.concurrent=ALL-UNNAMED --add-opens=java.base/java.util.concurrent.atomic=ALL-UNNAMED --add-opens=java.xml/javax.xml.namespace=ALL-UNNAMED --add-opens=java.base/java.time=ALL-UNNAMED -Xmx2048m -Dfile.encoding=UTF-8 -Duser.country=US -Duser.language=en -Duser.variant -javaagent:C:\Users\adeez\.gradle\wrapper\dists\gradle-9.4.1-bin\arn2x92ynaizyzdaamcbpbhtj\gradle-9.4.1\lib\agents\gradle-instrumentation-agent-9.4.1.jar org.gradle.launcher.daemon.bootstrap.GradleDaemon 9.4.1

Host: 13th Gen Intel(R) Core(TM) i5-1335U, 12 cores, 5G,  Windows 11 , 64 bit Build 26100 (10.0.26100.8328)
Time: Fri May 22 03:57:20 2026 Pacific Daylight Time elapsed time: 92.244607 seconds (0d 0h 1m 32s)

---------------  T H R E A D  ---------------

Current thread (0x000002521d08e500):  JavaThread "C2 CompilerThread0" daemon [_thread_in_native, id=16964, stack(0x000000ebc5400000,0x000000ebc5500000) (1024K)]


Current CompileTask:
C2:92245 15256       4       java.lang.invoke.MethodHandleImpl::makePairwiseConvertByEditor (617 bytes)

Stack: [0x000000ebc5400000,0x000000ebc5500000]
Native frames: (J=compiled Java code, j=interpreted, Vv=VM code, C=native code)
V  [jvm.dll+0x6d78a9]
V  [jvm.dll+0x8665b3]
V  [jvm.dll+0x868bde]
V  [jvm.dll+0x8692c3]
V  [jvm.dll+0x280ee6]
V  [jvm.dll+0xc07cd]
V  [jvm.dll+0xc0d03]
V  [jvm.dll+0x2f6170]
V  [jvm.dll+0x6003e9]
V  [jvm.dll+0x252ce2]
V  [jvm.dll+0x24b58a]
V  [jvm.dll+0x24909e]
V  [jvm.dll+0x1c76e4]
V  [jvm.dll+0x25891e]
V  [jvm.dll+0x256e66]
V  [jvm.dll+0x3f513e]
V  [jvm.dll+0x80fd28]
V  [jvm.dll+0x6d60fd]
C  [ucrtbase.dll+0x37b0]
C  [KERNEL32.DLL+0x2e957]
C  [ntdll.dll+0x427c]


---------------  P R O C E S S  ---------------

Threads class SMR info:
_java_thread_list=0x00000252217717a0, length=68, elements={
0x000002527eb80a50, 0x000002521d057270, 0x000002521d06d4e0, 0x000002521d069cf0,
0x000002521d0a93d0, 0x000002521d08b2a0, 0x000002521d08bd00, 0x000002521d08c760,
0x000002521d08e500, 0x000002521d08efa0, 0x000002521d392e40, 0x000002521e85a870,
0x000002521d53dcd0, 0x000002521d53c0c0, 0x000002521f557980, 0x000002521e752870,
0x000002521e8cdbf0, 0x000002521e8ce260, 0x000002521d81b6d0, 0x000002521d819600,
0x000002521d819c90, 0x000002521d81bd60, 0x000002521d81a320, 0x000002521d81a9b0,
0x000002521e99c7a0, 0x000002521e99a040, 0x000002521e99ad60, 0x000002521e99ce30,
0x000002521e99b3f0, 0x000002521e99ba80, 0x000002521e99c110, 0x000002521e99a6d0,
0x00000252209bf130, 0x00000252209be410, 0x00000252209c04e0, 0x00000252209bf7c0,
0x00000252209bfe50, 0x00000252209bd060, 0x00000252209bd6f0, 0x00000252209bdd80,
0x000002521f2c5390, 0x000002521f2c5a20, 0x000002521f2c7af0, 0x000002521f2c4d00,
0x000002521f2c4670, 0x000002521f2c60b0, 0x000002521f2c9530, 0x000002521f2c7460,
0x000002521f2c8810, 0x000002521f2c9bc0, 0x000002521f2c8ea0, 0x000002521f2c6740,
0x00000252216e0500, 0x00000252216de430, 0x00000252216e0b90, 0x000002522891e5c0,
0x000002522891df30, 0x0000025228920000, 0x0000025228920690, 0x000002522891d210,
0x0000025228921a40, 0x00000252289220d0, 0x0000025228922760, 0x0000025228922df0,
0x0000025228923b10, 0x0000025228923480, 0x0000025228920d20, 0x00000252289213b0
}

Java Threads: ( => current thread )
  0x000002527eb80a50 JavaThread "main"                              [_thread_blocked, id=22236, stack(0x000000ebc4500000,0x000000ebc4600000) (1024K)]
  0x000002521d057270 JavaThread "Common-Cleaner"             daemon [_thread_blocked, id=35672, stack(0x000000ebc4d00000,0x000000ebc4e00000) (1024K)]
  0x000002521d06d4e0 JavaThread "Reference Handler"          daemon [_thread_blocked, id=5936, stack(0x000000ebc4e00000,0x000000ebc4f00000) (1024K)]
  0x000002521d069cf0 JavaThread "Finalizer"                  daemon [_thread_blocked, id=30536, stack(0x000000ebc4f00000,0x000000ebc5000000) (1024K)]
  0x000002521d0a93d0 JavaThread "Signal Dispatcher"          daemon [_thread_blocked, id=45596, stack(0x000000ebc5000000,0x000000ebc5100000) (1024K)]
  0x000002521d08b2a0 JavaThread "Attach Listener"            daemon [_thread_blocked, id=49192, stack(0x000000ebc5100000,0x000000ebc5200000) (1024K)]
  0x000002521d08bd00 JavaThread "Service Thread"             daemon [_thread_blocked, id=18408, stack(0x000000ebc5200000,0x000000ebc5300000) (1024K)]
  0x000002521d08c760 JavaThread "Monitor Deflation Thread"   daemon [_thread_blocked, id=47680, stack(0x000000ebc5300000,0x000000ebc5400000) (1024K)]
=>0x000002521d08e500 JavaThread "C2 CompilerThread0"         daemon [_thread_in_native, id=16964, stack(0x000000ebc5400000,0x000000ebc5500000) (1024K)]
  0x000002521d08efa0 JavaThread "C1 CompilerThread0"         daemon [_thread_blocked, id=51004, stack(0x000000ebc5500000,0x000000ebc5600000) (1024K)]
  0x000002521d392e40 JavaThread "Notification Thread"        daemon [_thread_blocked, id=24352, stack(0x000000ebc5600000,0x000000ebc5700000) (1024K)]
  0x000002521e85a870 JavaThread "Daemon health stats"               [_thread_blocked, id=19000, stack(0x000000ebc5b00000,0x000000ebc5c00000) (1024K)]
  0x000002521d53dcd0 JavaThread "Incoming local TCP Connector on port 60290"        [_thread_in_native, id=18460, stack(0x000000ebc5c00000,0x000000ebc5d00000) (1024K)]
  0x000002521d53c0c0 JavaThread "Daemon periodic checks"            [_thread_blocked, id=24500, stack(0x000000ebc5d00000,0x000000ebc5e00000) (1024K)]
  0x000002521f557980 JavaThread "Daemon"                            [_thread_blocked, id=34360, stack(0x000000ebc5e00000,0x000000ebc5f00000) (1024K)]
  0x000002521e752870 JavaThread "Handler for socket connection from /127.0.0.1:60290 to /127.0.0.1:60297"        [_thread_in_native, id=19800, stack(0x000000ebc5f00000,0x000000ebc6000000) (1024K)]
  0x000002521e8cdbf0 JavaThread "Cancel handler"                    [_thread_blocked, id=43120, stack(0x000000ebc6000000,0x000000ebc6100000) (1024K)]
  0x000002521e8ce260 JavaThread "Daemon worker"                     [_thread_blocked, id=49568, stack(0x000000ebc6100000,0x000000ebc6200000) (1024K)]
  0x000002521d81b6d0 JavaThread "Asynchronous log dispatcher for DefaultDaemonConnection: socket connection from /127.0.0.1:60290 to /127.0.0.1:60297"        [_thread_blocked, id=25580, stack(0x000000ebc6200000,0x000000ebc6300000) (1024K)]
  0x000002521d819600 JavaThread "Stdin handler"                     [_thread_blocked, id=50568, stack(0x000000ebc6300000,0x000000ebc6400000) (1024K)]
  0x000002521d819c90 JavaThread "Daemon client event forwarder"        [_thread_blocked, id=51000, stack(0x000000ebc6400000,0x000000ebc6500000) (1024K)]
  0x000002521d81bd60 JavaThread "Cache worker for journal cache (C:\Users\adeez\.gradle\caches\journal-1)"        [_thread_blocked, id=14516, stack(0x000000ebc6c00000,0x000000ebc6d00000) (1024K)]
  0x000002521d81a320 JavaThread "File lock request listener"        [_thread_in_native, id=50496, stack(0x000000ebc6d00000,0x000000ebc6e00000) (1024K)]
  0x000002521d81a9b0 JavaThread "Cache worker for file hash cache (C:\Users\adeez\.gradle\caches\9.4.1\fileHashes)"        [_thread_blocked, id=21240, stack(0x000000ebc6e00000,0x000000ebc6f00000) (1024K)]
  0x000002521e99c7a0 JavaThread "Cache worker for file hash cache (C:\Users\adeez\AndroidStudioProjects\SleepTracker\.gradle\9.4.1\fileHashes)"        [_thread_blocked, id=50424, stack(0x000000ebc6f00000,0x000000ebc7000000) (1024K)]
  0x000002521e99a040 JavaThread "Cache worker for Build Output Cleanup Cache (C:\Users\adeez\AndroidStudioProjects\SleepTracker\.gradle\buildOutputCleanup)"        [_thread_blocked, id=49532, stack(0x000000ebc7000000,0x000000ebc7100000) (1024K)]
  0x000002521e99ad60 JavaThread "File watcher server"        daemon [_thread_in_native, id=4740, stack(0x000000ebc7100000,0x000000ebc7200000) (1024K)]
  0x000002521e99ce30 JavaThread "File watcher consumer"      daemon [_thread_blocked, id=45552, stack(0x000000ebc7200000,0x000000ebc7300000) (1024K)]
  0x000002521e99b3f0 JavaThread "Cache worker for file content cache (C:\Users\adeez\.gradle\caches\9.4.1\fileContent)"        [_thread_blocked, id=33040, stack(0x000000ebc7300000,0x000000ebc7400000) (1024K)]
  0x000002521e99ba80 JavaThread "Cache worker for checksums cache (C:\Users\adeez\AndroidStudioProjects\SleepTracker\.gradle\9.4.1\checksums)"        [_thread_blocked, id=46496, stack(0x000000ebc7400000,0x000000ebc7500000) (1024K)]
  0x000002521e99c110 JavaThread "Cache worker for cache directory md-supplier (C:\Users\adeez\.gradle\caches\9.4.1\md-supplier)"        [_thread_blocked, id=4868, stack(0x000000ebc7500000,0x000000ebc7600000) (1024K)]
  0x000002521e99a6d0 JavaThread "Cache worker for cache directory md-rule (C:\Users\adeez\.gradle\caches\9.4.1\md-rule)"        [_thread_blocked, id=46896, stack(0x000000ebc7600000,0x000000ebc7700000) (1024K)]
  0x00000252209bf130 JavaThread "jar transforms"                    [_thread_blocked, id=40856, stack(0x000000ebc7700000,0x000000ebc7800000) (1024K)]
  0x00000252209be410 JavaThread "jar transforms Thread 2"           [_thread_blocked, id=50276, stack(0x000000ebc7800000,0x000000ebc7900000) (1024K)]
  0x00000252209c04e0 JavaThread "jar transforms Thread 3"           [_thread_blocked, id=37632, stack(0x000000ebc7900000,0x000000ebc7a00000) (1024K)]
  0x00000252209bf7c0 JavaThread "Build operations"                  [_thread_blocked, id=45136, stack(0x000000ebc7a00000,0x000000ebc7b00000) (1024K)]
  0x00000252209bfe50 JavaThread "Build operations Thread 2"         [_thread_blocked, id=36788, stack(0x000000ebc7b00000,0x000000ebc7c00000) (1024K)]
  0x00000252209bd060 JavaThread "Build operations Thread 3"         [_thread_blocked, id=26848, stack(0x000000ebc7c00000,0x000000ebc7d00000) (1024K)]
  0x00000252209bd6f0 JavaThread "Build operations Thread 4"         [_thread_blocked, id=28180, stack(0x000000ebc7d00000,0x000000ebc7e00000) (1024K)]
  0x00000252209bdd80 JavaThread "Build operations Thread 5"         [_thread_blocked, id=18468, stack(0x000000ebc7e00000,0x000000ebc7f00000) (1024K)]
  0x000002521f2c5390 JavaThread "Build operations Thread 6"         [_thread_blocked, id=46756, stack(0x000000ebc7f00000,0x000000ebc8000000) (1024K)]
  0x000002521f2c5a20 JavaThread "Build operations Thread 7"         [_thread_blocked, id=6632, stack(0x000000ebc8000000,0x000000ebc8100000) (1024K)]
  0x000002521f2c7af0 JavaThread "Build operations Thread 8"         [_thread_blocked, id=51072, stack(0x000000ebc8100000,0x000000ebc8200000) (1024K)]
  0x000002521f2c4d00 JavaThread "Build operations Thread 9"         [_thread_blocked, id=48140, stack(0x000000ebc8200000,0x000000ebc8300000) (1024K)]
  0x000002521f2c4670 JavaThread "Build operations Thread 10"        [_thread_blocked, id=34836, stack(0x000000ebc8300000,0x000000ebc8400000) (1024K)]
  0x000002521f2c60b0 JavaThread "Build operations Thread 11"        [_thread_blocked, id=46688, stack(0x000000ebc8400000,0x000000ebc8500000) (1024K)]
  0x000002521f2c9530 JavaThread "Build operations Thread 12"        [_thread_blocked, id=49360, stack(0x000000ebc8500000,0x000000ebc8600000) (1024K)]
  0x000002521f2c7460 JavaThread "jar transforms Thread 4"           [_thread_blocked, id=47172, stack(0x000000ebc8600000,0x000000ebc8700000) (1024K)]
  0x000002521f2c8810 JavaThread "jar transforms Thread 5"           [_thread_blocked, id=14596, stack(0x000000ebc8700000,0x000000ebc8800000) (1024K)]
  0x000002521f2c9bc0 JavaThread "jar transforms Thread 6"           [_thread_blocked, id=34252, stack(0x000000ebc8800000,0x000000ebc8900000) (1024K)]
  0x000002521f2c8ea0 JavaThread "jar transforms Thread 7"           [_thread_blocked, id=49312, stack(0x000000ebc8900000,0x000000ebc8a00000) (1024K)]
  0x000002521f2c6740 JavaThread "jar transforms Thread 8"           [_thread_blocked, id=19876, stack(0x000000ebc8a00000,0x000000ebc8b00000) (1024K)]
  0x00000252216e0500 JavaThread "build event listener"              [_thread_blocked, id=51152, stack(0x000000ebc8c00000,0x000000ebc8d00000) (1024K)]
  0x00000252216de430 JavaThread "Memory manager"                    [_thread_blocked, id=49164, stack(0x000000ebc8d00000,0x000000ebc8e00000) (1024K)]
  0x00000252216e0b90 JavaThread "build event listener"              [_thread_blocked, id=30740, stack(0x000000ebc8e00000,0x000000ebc8f00000) (1024K)]
  0x000002522891e5c0 JavaThread "included builds"                   [_thread_blocked, id=48840, stack(0x000000ebc8f00000,0x000000ebc9000000) (1024K)]
  0x000002522891df30 JavaThread "Execution worker"                  [_thread_in_vm, id=34672, stack(0x000000ebc9000000,0x000000ebc9100000) (1024K)]
  0x0000025228920000 JavaThread "Execution worker Thread 2"         [_thread_blocked, id=16840, stack(0x000000ebc9100000,0x000000ebc9200000) (1024K)]
  0x0000025228920690 JavaThread "Execution worker Thread 3"         [_thread_blocked, id=19604, stack(0x000000ebc9200000,0x000000ebc9300000) (1024K)]
  0x000002522891d210 JavaThread "Execution worker Thread 4"         [_thread_blocked, id=50124, stack(0x000000ebc9300000,0x000000ebc9400000) (1024K)]
  0x0000025228921a40 JavaThread "Execution worker Thread 5"         [_thread_blocked, id=10816, stack(0x000000ebc9400000,0x000000ebc9500000) (1024K)]
  0x00000252289220d0 JavaThread "Execution worker Thread 6"         [_thread_blocked, id=50700, stack(0x000000ebc9500000,0x000000ebc9600000) (1024K)]
  0x0000025228922760 JavaThread "Execution worker Thread 7"         [_thread_blocked, id=18436, stack(0x000000ebc9600000,0x000000ebc9700000) (1024K)]
  0x0000025228922df0 JavaThread "Execution worker Thread 8"         [_thread_blocked, id=46404, stack(0x000000ebc9700000,0x000000ebc9800000) (1024K)]
  0x0000025228923b10 JavaThread "Execution worker Thread 9"         [_thread_blocked, id=49700, stack(0x000000ebc9800000,0x000000ebc9900000) (1024K)]
  0x0000025228923480 JavaThread "Execution worker Thread 10"        [_thread_blocked, id=49276, stack(0x000000ebc9900000,0x000000ebc9a00000) (1024K)]
  0x0000025228920d20 JavaThread "Execution worker Thread 11"        [_thread_blocked, id=49736, stack(0x000000ebc9a00000,0x000000ebc9b00000) (1024K)]
  0x00000252289213b0 JavaThread "Cache worker for execution history cache (C:\Users\adeez\AndroidStudioProjects\SleepTracker\.gradle\9.4.1\executionHistory)"        [_thread_blocked, id=50628, stack(0x000000ebc9b00000,0x000000ebc9c00000) (1024K)]
Total: 68

Other Threads:
  0x0000025218ad4ca0 VMThread "VM Thread"                           [id=49364, stack(0x000000ebc4c00000,0x000000ebc4d00000) (1024K)]
  0x0000025218a6cb70 WatcherThread "VM Periodic Task Thread"        [id=5208, stack(0x000000ebc4b00000,0x000000ebc4c00000) (1024K)]
  0x000002527ef02b10 WorkerThread "GC Thread#0"                     [id=45168, stack(0x000000ebc4600000,0x000000ebc4700000) (1024K)]
  0x000002521dcdd2e0 WorkerThread "GC Thread#1"                     [id=7656, stack(0x000000ebc5700000,0x000000ebc5800000) (1024K)]
  0x000002521e1201e0 WorkerThread "GC Thread#2"                     [id=49544, stack(0x000000ebc5800000,0x000000ebc5900000) (1024K)]
  0x000002521dcddea0 WorkerThread "GC Thread#3"                     [id=27000, stack(0x000000ebc5900000,0x000000ebc5a00000) (1024K)]
  0x000002521e10ee50 WorkerThread "GC Thread#4"                     [id=31704, stack(0x000000ebc5a00000,0x000000ebc5b00000) (1024K)]
  0x000002521e5c02f0 WorkerThread "GC Thread#5"                     [id=1452, stack(0x000000ebc6500000,0x000000ebc6600000) (1024K)]
  0x000002521e5bf080 WorkerThread "GC Thread#6"                     [id=49400, stack(0x000000ebc6600000,0x000000ebc6700000) (1024K)]
  0x000002521e5bf430 WorkerThread "GC Thread#7"                     [id=50416, stack(0x000000ebc6700000,0x000000ebc6800000) (1024K)]
  0x000002521e5c06a0 WorkerThread "GC Thread#8"                     [id=32996, stack(0x000000ebc6800000,0x000000ebc6900000) (1024K)]
  0x000002521e5bfb90 WorkerThread "GC Thread#9"                     [id=7424, stack(0x000000ebc6900000,0x000000ebc6a00000) (1024K)]
  0x000002527ef14310 ConcurrentGCThread "G1 Main Marker"            [id=25640, stack(0x000000ebc4700000,0x000000ebc4800000) (1024K)]
  0x000002527ef16c70 WorkerThread "G1 Conc#0"                       [id=25824, stack(0x000000ebc4800000,0x000000ebc4900000) (1024K)]
  0x000002521e5bf7e0 WorkerThread "G1 Conc#1"                       [id=2304, stack(0x000000ebc6a00000,0x000000ebc6b00000) (1024K)]
  0x000002521e5c0a50 WorkerThread "G1 Conc#2"                       [id=46716, stack(0x000000ebc6b00000,0x000000ebc6c00000) (1024K)]
  0x000002527ef5e170 ConcurrentGCThread "G1 Refine#0"               [id=43624, stack(0x000000ebc4900000,0x000000ebc4a00000) (1024K)]
  0x000002521893a580 ConcurrentGCThread "G1 Service"                [id=24140, stack(0x000000ebc4a00000,0x000000ebc4b00000) (1024K)]
Total: 18

Threads with active compile tasks:
C2 CompilerThread0  92333 15256       4       java.lang.invoke.MethodHandleImpl::makePairwiseConvertByEditor (617 bytes)
Total: 1

VM state: not at safepoint (normal execution)

VM Mutex/Monitor currently owned by a thread: None

Heap address: 0x0000000080000000, size: 2048 MB, Compressed Oops mode: 32-bit

CDS archive(s) not mapped
Compressed class space mapped at: 0x0000000100000000-0x0000000140000000, reserved size: 1073741824
Narrow klass base: 0x0000000000000000, Narrow klass shift: 3, Narrow klass range: 0x140000000

GC Precious Log:
 CardTable entry size: 512
 Card Set container configuration: InlinePtr #cards 5 size 8 Array Of Cards #cards 12 size 40 Howl #buckets 4 coarsen threshold 1843 Howl Bitmap #cards 512 size 80 coarsen threshold 460 Card regions per heap region 1 cards per card region 2048
 CPUs: 12 total, 12 available
 Memory: 5687M
 Large Page Support: Disabled
 NUMA Support: Disabled
 Compressed Oops: Enabled (32-bit)
 Heap Region Size: 1M
 Heap Min Capacity: 8M
 Heap Initial Capacity: 90M
 Heap Max Capacity: 2G
 Pre-touch: Disabled
 Parallel Workers: 10
 Concurrent Workers: 3
 Concurrent Refinement Workers: 10
 Periodic GC: Disabled

Heap:
 garbage-first heap   total 220160K, used 159239K [0x0000000080000000, 0x0000000100000000)
  region size 1024K, 37 young (37888K), 8 survivors (8192K)
 Metaspace       used 130511K, committed 132864K, reserved 1179648K
  class space    used 18444K, committed 19584K, reserved 1048576K

Heap Regions: E=young(eden), S=young(survivor), O=old, HS=humongous(starts), HC=humongous(continues), CS=collection set, F=free, TAMS=top-at-mark-start, PB=parsable bottom
|   0|0x0000000080000000, 0x0000000080100000, 0x0000000080100000|100%|HS|  |TAMS 0x0000000080000000| PB 0x0000000080000000| Complete 
|   1|0x0000000080100000, 0x0000000080200000, 0x0000000080200000|100%|HC|  |TAMS 0x0000000080100000| PB 0x0000000080100000| Complete 
|   2|0x0000000080200000, 0x0000000080300000, 0x0000000080300000|100%|HC|  |TAMS 0x0000000080200000| PB 0x0000000080200000| Complete 
|   3|0x0000000080300000, 0x0000000080400000, 0x0000000080400000|100%|HC|  |TAMS 0x0000000080300000| PB 0x0000000080300000| Complete 
|   4|0x0000000080400000, 0x0000000080500000, 0x0000000080500000|100%| O|  |TAMS 0x0000000080400000| PB 0x0000000080400000| Untracked 
|   5|0x0000000080500000, 0x0000000080600000, 0x0000000080600000|100%| O|  |TAMS 0x0000000080500000| PB 0x0000000080500000| Untracked 
|   6|0x0000000080600000, 0x0000000080700000, 0x0000000080700000|100%| O|  |TAMS 0x0000000080600000| PB 0x0000000080600000| Untracked 
|   7|0x0000000080700000, 0x0000000080800000, 0x0000000080800000|100%| O|  |TAMS 0x0000000080700000| PB 0x0000000080700000| Untracked 
|   8|0x0000000080800000, 0x0000000080900000, 0x0000000080900000|100%| O|  |TAMS 0x0000000080800000| PB 0x0000000080800000| Untracked 
|   9|0x0000000080900000, 0x0000000080a00000, 0x0000000080a00000|100%| O|  |TAMS 0x0000000080900000| PB 0x0000000080900000| Untracked 
|  10|0x0000000080a00000, 0x0000000080b00000, 0x0000000080b00000|100%| O|  |TAMS 0x0000000080a00000| PB 0x0000000080a00000| Untracked 
|  11|0x0000000080b00000, 0x0000000080c00000, 0x0000000080c00000|100%|HS|  |TAMS 0x0000000080b00000| PB 0x0000000080b00000| Complete 
|  12|0x0000000080c00000, 0x0000000080d00000, 0x0000000080d00000|100%| O|  |TAMS 0x0000000080c00000| PB 0x0000000080c00000| Untracked 
|  13|0x0000000080d00000, 0x0000000080e00000, 0x0000000080e00000|100%| O|  |TAMS 0x0000000080d00000| PB 0x0000000080d00000| Untracked 
|  14|0x0000000080e00000, 0x0000000080f00000, 0x0000000080f00000|100%| O|  |TAMS 0x0000000080e00000| PB 0x0000000080e00000| Untracked 
|  15|0x0000000080f00000, 0x0000000081000000, 0x0000000081000000|100%| O|  |TAMS 0x0000000080f00000| PB 0x0000000080f00000| Untracked 
|  16|0x0000000081000000, 0x0000000081100000, 0x0000000081100000|100%| O|  |TAMS 0x0000000081000000| PB 0x0000000081000000| Untracked 
|  17|0x0000000081100000, 0x0000000081200000, 0x0000000081200000|100%| O|  |TAMS 0x0000000081100000| PB 0x0000000081100000| Untracked 
|  18|0x0000000081200000, 0x0000000081300000, 0x0000000081300000|100%| O|  |TAMS 0x0000000081200000| PB 0x0000000081200000| Untracked 
|  19|0x0000000081300000, 0x0000000081400000, 0x0000000081400000|100%| O|  |TAMS 0x0000000081300000| PB 0x0000000081300000| Untracked 
|  20|0x0000000081400000, 0x0000000081500000, 0x0000000081500000|100%| O|  |TAMS 0x0000000081400000| PB 0x0000000081400000| Untracked 
|  21|0x0000000081500000, 0x0000000081600000, 0x0000000081600000|100%| O|  |TAMS 0x0000000081500000| PB 0x0000000081500000| Untracked 
|  22|0x0000000081600000, 0x0000000081700000, 0x0000000081700000|100%| O|  |TAMS 0x0000000081600000| PB 0x0000000081600000| Untracked 
|  23|0x0000000081700000, 0x0000000081800000, 0x0000000081800000|100%| O|  |TAMS 0x0000000081700000| PB 0x0000000081700000| Untracked 
|  24|0x0000000081800000, 0x0000000081900000, 0x0000000081900000|100%| O|  |TAMS 0x0000000081800000| PB 0x0000000081800000| Untracked 
|  25|0x0000000081900000, 0x0000000081a00000, 0x0000000081a00000|100%| O|  |TAMS 0x0000000081900000| PB 0x0000000081900000| Untracked 
|  26|0x0000000081a00000, 0x0000000081b00000, 0x0000000081b00000|100%| O|  |TAMS 0x0000000081a00000| PB 0x0000000081a00000| Untracked 
|  27|0x0000000081b00000, 0x0000000081c00000, 0x0000000081c00000|100%| O|  |TAMS 0x0000000081b00000| PB 0x0000000081b00000| Untracked 
|  28|0x0000000081c00000, 0x0000000081d00000, 0x0000000081d00000|100%| O|  |TAMS 0x0000000081c00000| PB 0x0000000081c00000| Untracked 
|  29|0x0000000081d00000, 0x0000000081e00000, 0x0000000081e00000|100%| O|  |TAMS 0x0000000081d00000| PB 0x0000000081d00000| Untracked 
|  30|0x0000000081e00000, 0x0000000081f00000, 0x0000000081f00000|100%| O|  |TAMS 0x0000000081e00000| PB 0x0000000081e00000| Untracked 
|  31|0x0000000081f00000, 0x0000000082000000, 0x0000000082000000|100%| O|  |TAMS 0x0000000081f00000| PB 0x0000000081f00000| Untracked 
|  32|0x0000000082000000, 0x0000000082100000, 0x0000000082100000|100%| O|  |TAMS 0x0000000082000000| PB 0x0000000082000000| Untracked 
|  33|0x0000000082100000, 0x0000000082200000, 0x0000000082200000|100%| O|  |TAMS 0x0000000082100000| PB 0x0000000082100000| Untracked 
|  34|0x0000000082200000, 0x0000000082300000, 0x0000000082300000|100%| O|  |TAMS 0x0000000082200000| PB 0x0000000082200000| Untracked 
|  35|0x0000000082300000, 0x0000000082400000, 0x0000000082400000|100%| O|  |TAMS 0x0000000082300000| PB 0x0000000082300000| Untracked 
|  36|0x0000000082400000, 0x0000000082500000, 0x0000000082500000|100%| O|  |TAMS 0x0000000082400000| PB 0x0000000082400000| Untracked 
|  37|0x0000000082500000, 0x0000000082600000, 0x0000000082600000|100%| O|  |TAMS 0x0000000082500000| PB 0x0000000082500000| Untracked 
|  38|0x0000000082600000, 0x0000000082700000, 0x0000000082700000|100%| O|  |TAMS 0x0000000082600000| PB 0x0000000082600000| Untracked 
|  39|0x0000000082700000, 0x0000000082800000, 0x0000000082800000|100%| O|  |TAMS 0x0000000082700000| PB 0x0000000082700000| Untracked 
|  40|0x0000000082800000, 0x0000000082900000, 0x0000000082900000|100%| O|  |TAMS 0x0000000082800000| PB 0x0000000082800000| Untracked 
|  41|0x0000000082900000, 0x0000000082a00000, 0x0000000082a00000|100%| O|  |TAMS 0x0000000082900000| PB 0x0000000082900000| Untracked 
|  42|0x0000000082a00000, 0x0000000082b00000, 0x0000000082b00000|100%| O|  |TAMS 0x0000000082a00000| PB 0x0000000082a00000| Untracked 
|  43|0x0000000082b00000, 0x0000000082c00000, 0x0000000082c00000|100%| O|  |TAMS 0x0000000082b00000| PB 0x0000000082b00000| Untracked 
|  44|0x0000000082c00000, 0x0000000082d00000, 0x0000000082d00000|100%| O|  |TAMS 0x0000000082c00000| PB 0x0000000082c00000| Untracked 
|  45|0x0000000082d00000, 0x0000000082e00000, 0x0000000082e00000|100%| O|  |TAMS 0x0000000082d00000| PB 0x0000000082d00000| Untracked 
|  46|0x0000000082e00000, 0x0000000082f00000, 0x0000000082f00000|100%| O|  |TAMS 0x0000000082e00000| PB 0x0000000082e00000| Untracked 
|  47|0x0000000082f00000, 0x0000000083000000, 0x0000000083000000|100%|HS|  |TAMS 0x0000000082f00000| PB 0x0000000082f00000| Complete 
|  48|0x0000000083000000, 0x0000000083100000, 0x0000000083100000|100%| O|  |TAMS 0x0000000083000000| PB 0x0000000083000000| Untracked 
|  49|0x0000000083100000, 0x0000000083200000, 0x0000000083200000|100%|HS|  |TAMS 0x0000000083100000| PB 0x0000000083100000| Complete 
|  50|0x0000000083200000, 0x0000000083300000, 0x0000000083300000|100%|HC|  |TAMS 0x0000000083200000| PB 0x0000000083200000| Complete 
|  51|0x0000000083300000, 0x0000000083400000, 0x0000000083400000|100%| O|  |TAMS 0x0000000083300000| PB 0x0000000083300000| Untracked 
|  52|0x0000000083400000, 0x0000000083500000, 0x0000000083500000|100%| O|  |TAMS 0x0000000083400000| PB 0x0000000083400000| Untracked 
|  53|0x0000000083500000, 0x0000000083600000, 0x0000000083600000|100%| O|Cm|TAMS 0x0000000083500000| PB 0x0000000083500000| Complete 
|  54|0x0000000083600000, 0x0000000083700000, 0x0000000083700000|100%|HS|  |TAMS 0x0000000083600000| PB 0x0000000083600000| Complete 
|  55|0x0000000083700000, 0x0000000083800000, 0x0000000083800000|100%|HC|  |TAMS 0x0000000083700000| PB 0x0000000083700000| Complete 
|  56|0x0000000083800000, 0x0000000083900000, 0x0000000083900000|100%| O|  |TAMS 0x0000000083800000| PB 0x0000000083800000| Untracked 
|  57|0x0000000083900000, 0x0000000083a00000, 0x0000000083a00000|100%| O|  |TAMS 0x0000000083900000| PB 0x0000000083900000| Untracked 
|  58|0x0000000083a00000, 0x0000000083b00000, 0x0000000083b00000|100%| O|  |TAMS 0x0000000083a00000| PB 0x0000000083a00000| Untracked 
|  59|0x0000000083b00000, 0x0000000083c00000, 0x0000000083c00000|100%| O|  |TAMS 0x0000000083b00000| PB 0x0000000083b00000| Untracked 
|  60|0x0000000083c00000, 0x0000000083d00000, 0x0000000083d00000|100%| O|  |TAMS 0x0000000083c00000| PB 0x0000000083c00000| Untracked 
|  61|0x0000000083d00000, 0x0000000083e00000, 0x0000000083e00000|100%| O|Cm|TAMS 0x0000000083d00000| PB 0x0000000083d00000| Complete 
|  62|0x0000000083e00000, 0x0000000083f00000, 0x0000000083f00000|100%| O|  |TAMS 0x0000000083e00000| PB 0x0000000083e00000| Untracked 
|  63|0x0000000083f00000, 0x0000000084000000, 0x0000000084000000|100%| O|  |TAMS 0x0000000083f00000| PB 0x0000000083f00000| Untracked 
|  64|0x0000000084000000, 0x0000000084100000, 0x0000000084100000|100%| O|  |TAMS 0x0000000084000000| PB 0x0000000084000000| Untracked 
|  65|0x0000000084100000, 0x0000000084200000, 0x0000000084200000|100%| O|  |TAMS 0x0000000084100000| PB 0x0000000084100000| Untracked 
|  66|0x0000000084200000, 0x0000000084300000, 0x0000000084300000|100%|HS|  |TAMS 0x0000000084200000| PB 0x0000000084200000| Complete 
|  67|0x0000000084300000, 0x0000000084400000, 0x0000000084400000|100%|HS|  |TAMS 0x0000000084300000| PB 0x0000000084300000| Complete 
|  68|0x0000000084400000, 0x0000000084500000, 0x0000000084500000|100%|HC|  |TAMS 0x0000000084400000| PB 0x0000000084400000| Complete 
|  69|0x0000000084500000, 0x0000000084600000, 0x0000000084600000|100%|HS|  |TAMS 0x0000000084500000| PB 0x0000000084500000| Complete 
|  70|0x0000000084600000, 0x0000000084700000, 0x0000000084700000|100%|HS|  |TAMS 0x0000000084600000| PB 0x0000000084600000| Complete 
|  71|0x0000000084700000, 0x0000000084800000, 0x0000000084800000|100%| O|  |TAMS 0x0000000084700000| PB 0x0000000084700000| Untracked 
|  72|0x0000000084800000, 0x0000000084900000, 0x0000000084900000|100%| O|  |TAMS 0x0000000084800000| PB 0x0000000084800000| Untracked 
|  73|0x0000000084900000, 0x0000000084a00000, 0x0000000084a00000|100%| O|  |TAMS 0x0000000084900000| PB 0x0000000084900000| Untracked 
|  74|0x0000000084a00000, 0x0000000084b00000, 0x0000000084b00000|100%| O|  |TAMS 0x0000000084a00000| PB 0x0000000084a00000| Untracked 
|  75|0x0000000084b00000, 0x0000000084c00000, 0x0000000084c00000|100%| O|  |TAMS 0x0000000084b00000| PB 0x0000000084b00000| Untracked 
|  76|0x0000000084c00000, 0x0000000084d00000, 0x0000000084d00000|100%| O|  |TAMS 0x0000000084c00000| PB 0x0000000084c00000| Untracked 
|  77|0x0000000084d00000, 0x0000000084e00000, 0x0000000084e00000|100%|HS|  |TAMS 0x0000000084d00000| PB 0x0000000084d00000| Complete 
|  78|0x0000000084e00000, 0x0000000084f00000, 0x0000000084f00000|100%|HS|  |TAMS 0x0000000084e00000| PB 0x0000000084e00000| Complete 
|  79|0x0000000084f00000, 0x0000000085000000, 0x0000000085000000|100%| O|  |TAMS 0x0000000084f00000| PB 0x0000000084f00000| Untracked 
|  80|0x0000000085000000, 0x0000000085100000, 0x0000000085100000|100%| O|  |TAMS 0x0000000085000000| PB 0x0000000085000000| Untracked 
|  81|0x0000000085100000, 0x0000000085200000, 0x0000000085200000|100%| O|  |TAMS 0x0000000085100000| PB 0x0000000085100000| Untracked 
|  82|0x0000000085200000, 0x0000000085300000, 0x0000000085300000|100%|HS|  |TAMS 0x0000000085200000| PB 0x0000000085200000| Complete 
|  83|0x0000000085300000, 0x0000000085400000, 0x0000000085400000|100%| O|  |TAMS 0x0000000085300000| PB 0x0000000085300000| Untracked 
|  84|0x0000000085400000, 0x0000000085500000, 0x0000000085500000|100%| O|  |TAMS 0x0000000085400000| PB 0x0000000085400000| Untracked 
|  85|0x0000000085500000, 0x0000000085600000, 0x0000000085600000|100%| O|  |TAMS 0x0000000085500000| PB 0x0000000085500000| Untracked 
|  86|0x0000000085600000, 0x0000000085700000, 0x0000000085700000|100%| O|  |TAMS 0x0000000085600000| PB 0x0000000085600000| Untracked 
|  87|0x0000000085700000, 0x0000000085800000, 0x0000000085800000|100%| O|  |TAMS 0x0000000085700000| PB 0x0000000085700000| Untracked 
|  88|0x0000000085800000, 0x0000000085900000, 0x0000000085900000|100%| O|  |TAMS 0x0000000085800000| PB 0x0000000085800000| Untracked 
|  89|0x0000000085900000, 0x0000000085a00000, 0x0000000085a00000|100%| O|  |TAMS 0x0000000085900000| PB 0x0000000085900000| Untracked 
|  90|0x0000000085a00000, 0x0000000085b00000, 0x0000000085b00000|100%| O|  |TAMS 0x0000000085a00000| PB 0x0000000085a00000| Untracked 
|  91|0x0000000085b00000, 0x0000000085c00000, 0x0000000085c00000|100%| O|  |TAMS 0x0000000085b00000| PB 0x0000000085b00000| Untracked 
|  92|0x0000000085c00000, 0x0000000085d00000, 0x0000000085d00000|100%| O|  |TAMS 0x0000000085c00000| PB 0x0000000085c00000| Untracked 
|  93|0x0000000085d00000, 0x0000000085e00000, 0x0000000085e00000|100%| O|  |TAMS 0x0000000085d00000| PB 0x0000000085d00000| Untracked 
|  94|0x0000000085e00000, 0x0000000085f00000, 0x0000000085f00000|100%| O|  |TAMS 0x0000000085e00000| PB 0x0000000085e00000| Untracked 
|  95|0x0000000085f00000, 0x0000000086000000, 0x0000000086000000|100%| O|  |TAMS 0x0000000085f00000| PB 0x0000000085f00000| Untracked 
|  96|0x0000000086000000, 0x0000000086100000, 0x0000000086100000|100%| O|  |TAMS 0x0000000086000000| PB 0x0000000086000000| Untracked 
|  97|0x0000000086100000, 0x0000000086200000, 0x0000000086200000|100%| O|  |TAMS 0x0000000086100000| PB 0x0000000086100000| Untracked 
|  98|0x0000000086200000, 0x0000000086300000, 0x0000000086300000|100%| O|  |TAMS 0x0000000086200000| PB 0x0000000086200000| Untracked 
|  99|0x0000000086300000, 0x0000000086400000, 0x0000000086400000|100%| O|  |TAMS 0x0000000086300000| PB 0x0000000086300000| Untracked 
| 100|0x0000000086400000, 0x0000000086500000, 0x0000000086500000|100%| O|  |TAMS 0x0000000086400000| PB 0x0000000086400000| Untracked 
| 101|0x0000000086500000, 0x0000000086600000, 0x0000000086600000|100%| O|  |TAMS 0x0000000086500000| PB 0x0000000086500000| Untracked 
| 102|0x0000000086600000, 0x0000000086700000, 0x0000000086700000|100%| O|  |TAMS 0x0000000086600000| PB 0x0000000086600000| Untracked 
| 103|0x0000000086700000, 0x0000000086800000, 0x0000000086800000|100%| S|CS|TAMS 0x0000000086700000| PB 0x0000000086700000| Complete 
| 104|0x0000000086800000, 0x0000000086900000, 0x0000000086900000|100%| O|  |TAMS 0x0000000086800000| PB 0x0000000086800000| Untracked 
| 105|0x0000000086900000, 0x0000000086a00000, 0x0000000086a00000|100%| S|CS|TAMS 0x0000000086900000| PB 0x0000000086900000| Complete 
| 106|0x0000000086a00000, 0x0000000086b00000, 0x0000000086b00000|100%| O|Cm|TAMS 0x0000000086a00000| PB 0x0000000086a00000| Complete 
| 107|0x0000000086b00000, 0x0000000086c00000, 0x0000000086c00000|100%|HS|  |TAMS 0x0000000086b00000| PB 0x0000000086b00000| Complete 
| 108|0x0000000086c00000, 0x0000000086d00000, 0x0000000086d00000|100%|HS|  |TAMS 0x0000000086c00000| PB 0x0000000086c00000| Complete 
| 109|0x0000000086d00000, 0x0000000086e00000, 0x0000000086e00000|100%|HS|  |TAMS 0x0000000086d00000| PB 0x0000000086d00000| Complete 
| 110|0x0000000086e00000, 0x0000000086f00000, 0x0000000086f00000|100%|HS|  |TAMS 0x0000000086e00000| PB 0x0000000086e00000| Complete 
| 111|0x0000000086f00000, 0x0000000087000000, 0x0000000087000000|100%|HS|  |TAMS 0x0000000086f00000| PB 0x0000000086f00000| Complete 
| 112|0x0000000087000000, 0x0000000087000000, 0x0000000087100000|  0%| F|  |TAMS 0x0000000087000000| PB 0x0000000087000000| Untracked 
| 113|0x0000000087100000, 0x0000000087100000, 0x0000000087200000|  0%| F|  |TAMS 0x0000000087100000| PB 0x0000000087100000| Untracked 
| 114|0x0000000087200000, 0x0000000087300000, 0x0000000087300000|100%| S|CS|TAMS 0x0000000087200000| PB 0x0000000087200000| Complete 
| 115|0x0000000087300000, 0x0000000087400000, 0x0000000087400000|100%| S|CS|TAMS 0x0000000087300000| PB 0x0000000087300000| Complete 
| 116|0x0000000087400000, 0x0000000087500000, 0x0000000087500000|100%| S|CS|TAMS 0x0000000087400000| PB 0x0000000087400000| Complete 
| 117|0x0000000087500000, 0x0000000087600000, 0x0000000087600000|100%| S|CS|TAMS 0x0000000087500000| PB 0x0000000087500000| Complete 
| 118|0x0000000087600000, 0x0000000087600000, 0x0000000087700000|  0%| F|  |TAMS 0x0000000087600000| PB 0x0000000087600000| Untracked 
| 119|0x0000000087700000, 0x0000000087700000, 0x0000000087800000|  0%| F|  |TAMS 0x0000000087700000| PB 0x0000000087700000| Untracked 
| 120|0x0000000087800000, 0x0000000087800000, 0x0000000087900000|  0%| F|  |TAMS 0x0000000087800000| PB 0x0000000087800000| Untracked 
| 121|0x0000000087900000, 0x0000000087900000, 0x0000000087a00000|  0%| F|  |TAMS 0x0000000087900000| PB 0x0000000087900000| Untracked 
| 122|0x0000000087a00000, 0x0000000087a00000, 0x0000000087b00000|  0%| F|  |TAMS 0x0000000087a00000| PB 0x0000000087a00000| Untracked 
| 123|0x0000000087b00000, 0x0000000087b00000, 0x0000000087c00000|  0%| F|  |TAMS 0x0000000087b00000| PB 0x0000000087b00000| Untracked 
| 124|0x0000000087c00000, 0x0000000087c00000, 0x0000000087d00000|  0%| F|  |TAMS 0x0000000087c00000| PB 0x0000000087c00000| Untracked 
| 125|0x0000000087d00000, 0x0000000087d00000, 0x0000000087e00000|  0%| F|  |TAMS 0x0000000087d00000| PB 0x0000000087d00000| Untracked 
| 126|0x0000000087e00000, 0x0000000087e00000, 0x0000000087f00000|  0%| F|  |TAMS 0x0000000087e00000| PB 0x0000000087e00000| Untracked 
| 127|0x0000000087f00000, 0x0000000087f00000, 0x0000000088000000|  0%| F|  |TAMS 0x0000000087f00000| PB 0x0000000087f00000| Untracked 
| 128|0x0000000088000000, 0x0000000088000000, 0x0000000088100000|  0%| F|  |TAMS 0x0000000088000000| PB 0x0000000088000000| Untracked 
| 129|0x0000000088100000, 0x0000000088100000, 0x0000000088200000|  0%| F|  |TAMS 0x0000000088100000| PB 0x0000000088100000| Untracked 
| 130|0x0000000088200000, 0x0000000088200000, 0x0000000088300000|  0%| F|  |TAMS 0x0000000088200000| PB 0x0000000088200000| Untracked 
| 131|0x0000000088300000, 0x0000000088300000, 0x0000000088400000|  0%| F|  |TAMS 0x0000000088300000| PB 0x0000000088300000| Untracked 
| 132|0x0000000088400000, 0x0000000088400000, 0x0000000088500000|  0%| F|  |TAMS 0x0000000088400000| PB 0x0000000088400000| Untracked 
| 133|0x0000000088500000, 0x0000000088500000, 0x0000000088600000|  0%| F|  |TAMS 0x0000000088500000| PB 0x0000000088500000| Untracked 
| 134|0x0000000088600000, 0x0000000088600000, 0x0000000088700000|  0%| F|  |TAMS 0x0000000088600000| PB 0x0000000088600000| Untracked 
| 135|0x0000000088700000, 0x0000000088700000, 0x0000000088800000|  0%| F|  |TAMS 0x0000000088700000| PB 0x0000000088700000| Untracked 
| 136|0x0000000088800000, 0x0000000088800000, 0x0000000088900000|  0%| F|  |TAMS 0x0000000088800000| PB 0x0000000088800000| Untracked 
| 137|0x0000000088900000, 0x0000000088900000, 0x0000000088a00000|  0%| F|  |TAMS 0x0000000088900000| PB 0x0000000088900000| Untracked 
| 138|0x0000000088a00000, 0x0000000088a00000, 0x0000000088b00000|  0%| F|  |TAMS 0x0000000088a00000| PB 0x0000000088a00000| Untracked 
| 139|0x0000000088b00000, 0x0000000088b00000, 0x0000000088c00000|  0%| F|  |TAMS 0x0000000088b00000| PB 0x0000000088b00000| Untracked 
| 140|0x0000000088c00000, 0x0000000088c00000, 0x0000000088d00000|  0%| F|  |TAMS 0x0000000088c00000| PB 0x0000000088c00000| Untracked 
| 141|0x0000000088d00000, 0x0000000088d00000, 0x0000000088e00000|  0%| F|  |TAMS 0x0000000088d00000| PB 0x0000000088d00000| Untracked 
| 142|0x0000000088e00000, 0x0000000088e00000, 0x0000000088f00000|  0%| F|  |TAMS 0x0000000088e00000| PB 0x0000000088e00000| Untracked 
| 143|0x0000000088f00000, 0x0000000088f00000, 0x0000000089000000|  0%| F|  |TAMS 0x0000000088f00000| PB 0x0000000088f00000| Untracked 
| 144|0x0000000089000000, 0x0000000089000000, 0x0000000089100000|  0%| F|  |TAMS 0x0000000089000000| PB 0x0000000089000000| Untracked 
| 145|0x0000000089100000, 0x0000000089100000, 0x0000000089200000|  0%| F|  |TAMS 0x0000000089100000| PB 0x0000000089100000| Untracked 
| 146|0x0000000089200000, 0x0000000089200000, 0x0000000089300000|  0%| F|  |TAMS 0x0000000089200000| PB 0x0000000089200000| Untracked 
| 147|0x0000000089300000, 0x0000000089300000, 0x0000000089400000|  0%| F|  |TAMS 0x0000000089300000| PB 0x0000000089300000| Untracked 
| 148|0x0000000089400000, 0x0000000089400000, 0x0000000089500000|  0%| F|  |TAMS 0x0000000089400000| PB 0x0000000089400000| Untracked 
| 149|0x0000000089500000, 0x0000000089500000, 0x0000000089600000|  0%| F|  |TAMS 0x0000000089500000| PB 0x0000000089500000| Untracked 
| 150|0x0000000089600000, 0x0000000089600000, 0x0000000089700000|  0%| F|  |TAMS 0x0000000089600000| PB 0x0000000089600000| Untracked 
| 151|0x0000000089700000, 0x0000000089700000, 0x0000000089800000|  0%| F|  |TAMS 0x0000000089700000| PB 0x0000000089700000| Untracked 
| 152|0x0000000089800000, 0x0000000089800000, 0x0000000089900000|  0%| F|  |TAMS 0x0000000089800000| PB 0x0000000089800000| Untracked 
| 153|0x0000000089900000, 0x0000000089900000, 0x0000000089a00000|  0%| F|  |TAMS 0x0000000089900000| PB 0x0000000089900000| Untracked 
| 154|0x0000000089a00000, 0x0000000089a00000, 0x0000000089b00000|  0%| F|  |TAMS 0x0000000089a00000| PB 0x0000000089a00000| Untracked 
| 155|0x0000000089b00000, 0x0000000089b00000, 0x0000000089c00000|  0%| F|  |TAMS 0x0000000089b00000| PB 0x0000000089b00000| Untracked 
| 156|0x0000000089c00000, 0x0000000089c00000, 0x0000000089d00000|  0%| F|  |TAMS 0x0000000089c00000| PB 0x0000000089c00000| Untracked 
| 157|0x0000000089d00000, 0x0000000089d00000, 0x0000000089e00000|  0%| F|  |TAMS 0x0000000089d00000| PB 0x0000000089d00000| Untracked 
| 158|0x0000000089e00000, 0x0000000089e00000, 0x0000000089f00000|  0%| F|  |TAMS 0x0000000089e00000| PB 0x0000000089e00000| Untracked 
| 159|0x0000000089f00000, 0x0000000089f00000, 0x000000008a000000|  0%| F|  |TAMS 0x0000000089f00000| PB 0x0000000089f00000| Untracked 
| 160|0x000000008a000000, 0x000000008a000000, 0x000000008a100000|  0%| F|  |TAMS 0x000000008a000000| PB 0x000000008a000000| Untracked 
| 161|0x000000008a100000, 0x000000008a100000, 0x000000008a200000|  0%| F|  |TAMS 0x000000008a100000| PB 0x000000008a100000| Untracked 
| 162|0x000000008a200000, 0x000000008a200000, 0x000000008a300000|  0%| F|  |TAMS 0x000000008a200000| PB 0x000000008a200000| Untracked 
| 163|0x000000008a300000, 0x000000008a300000, 0x000000008a400000|  0%| F|  |TAMS 0x000000008a300000| PB 0x000000008a300000| Untracked 
| 164|0x000000008a400000, 0x000000008a400000, 0x000000008a500000|  0%| F|  |TAMS 0x000000008a400000| PB 0x000000008a400000| Untracked 
| 165|0x000000008a500000, 0x000000008a500000, 0x000000008a600000|  0%| F|  |TAMS 0x000000008a500000| PB 0x000000008a500000| Untracked 
| 166|0x000000008a600000, 0x000000008a700000, 0x000000008a700000|100%| E|CS|TAMS 0x000000008a600000| PB 0x000000008a600000| Complete 
| 167|0x000000008a700000, 0x000000008a800000, 0x000000008a800000|100%| E|CS|TAMS 0x000000008a700000| PB 0x000000008a700000| Complete 
| 168|0x000000008a800000, 0x000000008a900000, 0x000000008a900000|100%| E|CS|TAMS 0x000000008a800000| PB 0x000000008a800000| Complete 
| 169|0x000000008a900000, 0x000000008aa00000, 0x000000008aa00000|100%| S|CS|TAMS 0x000000008a900000| PB 0x000000008a900000| Complete 
| 170|0x000000008aa00000, 0x000000008ab00000, 0x000000008ab00000|100%| S|CS|TAMS 0x000000008aa00000| PB 0x000000008aa00000| Complete 
| 171|0x000000008ab00000, 0x000000008ab00000, 0x000000008ac00000|  0%| F|  |TAMS 0x000000008ab00000| PB 0x000000008ab00000| Untracked 
| 172|0x000000008ac00000, 0x000000008ac00000, 0x000000008ad00000|  0%| F|  |TAMS 0x000000008ac00000| PB 0x000000008ac00000| Untracked 
| 173|0x000000008ad00000, 0x000000008ad00000, 0x000000008ae00000|  0%| F|  |TAMS 0x000000008ad00000| PB 0x000000008ad00000| Untracked 
| 174|0x000000008ae00000, 0x000000008ae00000, 0x000000008af00000|  0%| F|  |TAMS 0x000000008ae00000| PB 0x000000008ae00000| Untracked 
| 175|0x000000008af00000, 0x000000008af00000, 0x000000008b000000|  0%| F|  |TAMS 0x000000008af00000| PB 0x000000008af00000| Untracked 
| 176|0x000000008b000000, 0x000000008b000000, 0x000000008b100000|  0%| F|  |TAMS 0x000000008b000000| PB 0x000000008b000000| Untracked 
| 177|0x000000008b100000, 0x000000008b100000, 0x000000008b200000|  0%| F|  |TAMS 0x000000008b100000| PB 0x000000008b100000| Untracked 
| 178|0x000000008b200000, 0x000000008b2a8d00, 0x000000008b300000| 65%| E|  |TAMS 0x000000008b200000| PB 0x000000008b200000| Complete 
| 179|0x000000008b300000, 0x000000008b400000, 0x000000008b400000|100%| E|CS|TAMS 0x000000008b300000| PB 0x000000008b300000| Complete 
| 180|0x000000008b400000, 0x000000008b500000, 0x000000008b500000|100%| E|CS|TAMS 0x000000008b400000| PB 0x000000008b400000| Complete 
| 181|0x000000008b500000, 0x000000008b600000, 0x000000008b600000|100%| E|CS|TAMS 0x000000008b500000| PB 0x000000008b500000| Complete 
| 182|0x000000008b600000, 0x000000008b700000, 0x000000008b700000|100%| E|CS|TAMS 0x000000008b600000| PB 0x000000008b600000| Complete 
| 183|0x000000008b700000, 0x000000008b800000, 0x000000008b800000|100%| E|CS|TAMS 0x000000008b700000| PB 0x000000008b700000| Complete 
| 184|0x000000008b800000, 0x000000008b900000, 0x000000008b900000|100%| E|CS|TAMS 0x000000008b800000| PB 0x000000008b800000| Complete 
| 185|0x000000008b900000, 0x000000008ba00000, 0x000000008ba00000|100%| E|CS|TAMS 0x000000008b900000| PB 0x000000008b900000| Complete 
| 186|0x000000008ba00000, 0x000000008baffd78, 0x000000008bb00000| 99%| E|  |TAMS 0x000000008ba00000| PB 0x000000008ba00000| Complete 
| 187|0x000000008bb00000, 0x000000008bc00000, 0x000000008bc00000|100%| E|CS|TAMS 0x000000008bb00000| PB 0x000000008bb00000| Complete 
| 188|0x000000008bc00000, 0x000000008bd00000, 0x000000008bd00000|100%| E|CS|TAMS 0x000000008bc00000| PB 0x000000008bc00000| Complete 
| 189|0x000000008bd00000, 0x000000008be00000, 0x000000008be00000|100%| E|CS|TAMS 0x000000008bd00000| PB 0x000000008bd00000| Complete 
| 190|0x000000008be00000, 0x000000008bf00000, 0x000000008bf00000|100%| E|CS|TAMS 0x000000008be00000| PB 0x000000008be00000| Complete 
| 191|0x000000008bf00000, 0x000000008c000000, 0x000000008c000000|100%| E|CS|TAMS 0x000000008bf00000| PB 0x000000008bf00000| Complete 
| 192|0x000000008c000000, 0x000000008c100000, 0x000000008c100000|100%| E|CS|TAMS 0x000000008c000000| PB 0x000000008c000000| Complete 
| 193|0x000000008c100000, 0x000000008c200000, 0x000000008c200000|100%| E|CS|TAMS 0x000000008c100000| PB 0x000000008c100000| Complete 
| 194|0x000000008c200000, 0x000000008c300000, 0x000000008c300000|100%| E|CS|TAMS 0x000000008c200000| PB 0x000000008c200000| Complete 
| 195|0x000000008c300000, 0x000000008c400000, 0x000000008c400000|100%| E|CS|TAMS 0x000000008c300000| PB 0x000000008c300000| Complete 
| 196|0x000000008c400000, 0x000000008c500000, 0x000000008c500000|100%| E|CS|TAMS 0x000000008c400000| PB 0x000000008c400000| Complete 
| 197|0x000000008c500000, 0x000000008c600000, 0x000000008c600000|100%| E|CS|TAMS 0x000000008c500000| PB 0x000000008c500000| Complete 
| 198|0x000000008c600000, 0x000000008c700000, 0x000000008c700000|100%| E|CS|TAMS 0x000000008c600000| PB 0x000000008c600000| Complete 
| 199|0x000000008c700000, 0x000000008c800000, 0x000000008c800000|100%| E|CS|TAMS 0x000000008c700000| PB 0x000000008c700000| Complete 
| 200|0x000000008c800000, 0x000000008c900000, 0x000000008c900000|100%| E|CS|TAMS 0x000000008c800000| PB 0x000000008c800000| Complete 
| 201|0x000000008c900000, 0x000000008ca00000, 0x000000008ca00000|100%| E|CS|TAMS 0x000000008c900000| PB 0x000000008c900000| Complete 
| 202|0x000000008ca00000, 0x000000008cb00000, 0x000000008cb00000|100%| E|CS|TAMS 0x000000008ca00000| PB 0x000000008ca00000| Complete 
|2036|0x00000000ff400000, 0x00000000ff481d40, 0x00000000ff500000| 50%| O|  |TAMS 0x00000000ff400000| PB 0x00000000ff400000| Untracked 
|2037|0x00000000ff500000, 0x00000000ff600000, 0x00000000ff600000|100%| O|  |TAMS 0x00000000ff500000| PB 0x00000000ff500000| Untracked 
|2038|0x00000000ff600000, 0x00000000ff700000, 0x00000000ff700000|100%| O|  |TAMS 0x00000000ff600000| PB 0x00000000ff600000| Untracked 
|2039|0x00000000ff700000, 0x00000000ff800000, 0x00000000ff800000|100%| O|  |TAMS 0x00000000ff700000| PB 0x00000000ff700000| Untracked 
|2040|0x00000000ff800000, 0x00000000ff900000, 0x00000000ff900000|100%| O|  |TAMS 0x00000000ff800000| PB 0x00000000ff800000| Untracked 
|2041|0x00000000ff900000, 0x00000000ffa00000, 0x00000000ffa00000|100%| O|  |TAMS 0x00000000ff900000| PB 0x00000000ff900000| Untracked 
|2042|0x00000000ffa00000, 0x00000000ffb00000, 0x00000000ffb00000|100%| O|  |TAMS 0x00000000ffa00000| PB 0x00000000ffa00000| Untracked 
|2043|0x00000000ffb00000, 0x00000000ffc00000, 0x00000000ffc00000|100%| O|  |TAMS 0x00000000ffb00000| PB 0x00000000ffb00000| Untracked 
|2044|0x00000000ffc00000, 0x00000000ffd00000, 0x00000000ffd00000|100%| O|  |TAMS 0x00000000ffc00000| PB 0x00000000ffc00000| Untracked 
|2045|0x00000000ffd00000, 0x00000000ffe00000, 0x00000000ffe00000|100%| E|CS|TAMS 0x00000000ffd00000| PB 0x00000000ffd00000| Complete 
|2046|0x00000000ffe00000, 0x00000000fff00000, 0x00000000fff00000|100%| O|  |TAMS 0x00000000ffe00000| PB 0x00000000ffe00000| Untracked 
|2047|0x00000000fff00000, 0x0000000100000000, 0x0000000100000000|100%| O|  |TAMS 0x00000000fff00000| PB 0x00000000fff00000| Untracked 

Card table byte_map: [0x00000252139c0000,0x0000025213dc0000] _byte_map_base: 0x00000252135c0000

Marking Bits: (CMBitMap*) 0x000002527ef03220
 Bits: [0x0000025213dc0000, 0x0000025215dc0000)

Polling page: 0x000002527f280000

Metaspace:

Usage:
  Non-class:    109.44 MB used.
      Class:     18.01 MB used.
       Both:    127.46 MB used.

Virtual space:
  Non-class space:      128.00 MB reserved,     110.62 MB ( 86%) committed,  2 nodes.
      Class space:        1.00 GB reserved,      19.12 MB (  2%) committed,  1 nodes.
             Both:        1.12 GB reserved,     129.75 MB ( 11%) committed. 

Chunk freelists:
   Non-Class:  1.32 MB
       Class:  12.89 MB
        Both:  14.21 MB

MaxMetaspaceSize: unlimited
CompressedClassSpaceSize: 1.00 GB
Initial GC threshold: 21.00 MB
Current GC threshold: 213.06 MB
CDS: off
 - commit_granule_bytes: 65536.
 - commit_granule_words: 8192.
 - virtual_space_node_default_size: 8388608.
 - enlarge_chunks_in_place: 1.
 - use_allocation_guard: 0.


Internal statistics:

num_allocs_failed_limit: 9.
num_arena_births: 4662.
num_arena_deaths: 10.
num_vsnodes_births: 3.
num_vsnodes_deaths: 0.
num_space_committed: 2075.
num_space_uncommitted: 0.
num_chunks_returned_to_freelist: 30.
num_chunks_taken_from_freelist: 10198.
num_chunk_merges: 9.
num_chunk_splits: 6630.
num_chunks_enlarged: 4157.
num_inconsistent_stats: 0.

CodeHeap 'non-profiled nmethods': size=120000Kb used=7823Kb max_used=7823Kb free=112176Kb
 bounds [0x000002520bf80000, 0x000002520c730000, 0x00000252134b0000]
CodeHeap 'profiled nmethods': size=120000Kb used=23248Kb max_used=23454Kb free=96751Kb
 bounds [0x00000252044b0000, 0x0000025205ba0000, 0x000002520b9e0000]
CodeHeap 'non-nmethods': size=5760Kb used=2083Kb max_used=2117Kb free=3676Kb
 bounds [0x000002520b9e0000, 0x000002520bc50000, 0x000002520bf80000]
CodeCache: size=245760Kb, used=33154Kb, max_used=33394Kb, free=212603Kb
 total_blobs=13558, nmethods=12607, adapters=854, full_count=0
Compilation: enabled, stopped_count=0, restarted_count=0

Compilation events (20 events):
Event: 89.932 Thread 0x000002521d08efa0 nmethod 15252 0x0000025205488590 code [0x0000025205488780, 0x0000025205488c08]
Event: 89.956 Thread 0x000002521d08efa0 15253       3       org.gradle.internal.component.external.model.ModuleComponentFileArtifactIdentifier::<init> (7 bytes)
Event: 89.956 Thread 0x000002521d08efa0 nmethod 15253 0x000002520540a110 code [0x000002520540a2c0, 0x000002520540a540]
Event: 89.956 Thread 0x000002521d08efa0 15254       3       org.gradle.internal.component.local.model.ComponentFileArtifactIdentifier::<init> (15 bytes)
Event: 89.956 Thread 0x000002521d08efa0 nmethod 15254 0x0000025204dbc910 code [0x0000025204dbcac0, 0x0000025204dbcce0]
Event: 90.087 Thread 0x000002521d08e500 15256       4       java.lang.invoke.MethodHandleImpl::makePairwiseConvertByEditor (617 bytes)
Event: 90.111 Thread 0x000002521d08efa0 15258       3       org.gradle.internal.component.model.DefaultExternalModuleComponentGraphResolveState$DefaultConfigurationGraphResolveState::getDependencies (10 bytes)
Event: 90.112 Thread 0x000002521d08efa0 nmethod 15258 0x0000025204dbc490 code [0x0000025204dbc640, 0x0000025204dbc810]
Event: 90.113 Thread 0x000002521d08efa0 15259       3       org.gradle.internal.component.external.model.AbstractModuleComponentResolveMetadata::getPlatformOwners (5 bytes)
Event: 90.113 Thread 0x000002521d08efa0 nmethod 15259 0x0000025204dbc090 code [0x0000025204dbc240, 0x0000025204dbc400]
Event: 90.113 Thread 0x000002521d08efa0 15260       3       org.gradle.internal.component.external.model.AbstractLazyModuleComponentResolveMetadata::getPlatformOwners (5 bytes)
Event: 90.113 Thread 0x000002521d08efa0 nmethod 15260 0x0000025204dbba90 code [0x0000025204dbbc20, 0x0000025204dbbd40]
Event: 90.150 Thread 0x000002521d08efa0 15261       3       org.gradle.api.internal.artifacts.ivyservice.ivyresolve.CachedMetadataProvider::<init> (79 bytes)
Event: 90.151 Thread 0x000002521d08efa0 nmethod 15261 0x0000025204c2c910 code [0x0000025204c2cb20, 0x0000025204c2d1f8]
Event: 90.151 Thread 0x000002521d08efa0 15262       3       org.gradle.api.internal.artifacts.ivyservice.ivyresolve.DefaultVersionedComponentChooser::isRejectedByRule (50 bytes)
Event: 90.152 Thread 0x000002521d08efa0 nmethod 15262 0x0000025204c2c090 code [0x0000025204c2c280, 0x0000025204c2c6e0]
Event: 90.219 Thread 0x000002521d08efa0 15263       3       org.gradle.internal.component.model.AttributeMatchingExplanationBuilder::candidateAttributeMissing (1 bytes)
Event: 90.220 Thread 0x000002521d08efa0 nmethod 15263 0x0000025205139110 code [0x00000252051392a0, 0x00000252051393a8]
Event: 90.221 Thread 0x000002521d08efa0 15264       3       org.gradle.api.internal.artifacts.ivyservice.resolveengine.graph.builder.ModuleSelectors::versionOf (26 bytes)
Event: 92.235 Thread 0x000002521d08efa0 nmethod 15264 0x0000025205138090 code [0x00000252051382e0, 0x0000025205138c98]

GC Heap History (20 events):
Event: 58.796 GC heap before
{Heap before GC invocations=43 (full 0):
 garbage-first heap   total 158720K, used 130150K [0x0000000080000000, 0x0000000100000000)
  region size 1024K, 37 young (37888K), 2 survivors (2048K)
 Metaspace       used 98996K, committed 101056K, reserved 1179648K
  class space    used 13850K, committed 14784K, reserved 1048576K
}
Event: 58.801 GC heap after
{Heap after GC invocations=44 (full 0):
 garbage-first heap   total 158720K, used 95828K [0x0000000080000000, 0x0000000100000000)
  region size 1024K, 4 young (4096K), 4 survivors (4096K)
 Metaspace       used 98996K, committed 101056K, reserved 1179648K
  class space    used 13850K, committed 14784K, reserved 1048576K
}
Event: 60.921 GC heap before
{Heap before GC invocations=44 (full 0):
 garbage-first heap   total 158720K, used 149076K [0x0000000080000000, 0x0000000100000000)
  region size 1024K, 51 young (52224K), 4 survivors (4096K)
 Metaspace       used 101157K, committed 103232K, reserved 1179648K
  class space    used 14179K, committed 15168K, reserved 1048576K
}
Event: 60.931 GC heap after
{Heap after GC invocations=45 (full 0):
 garbage-first heap   total 160768K, used 100533K [0x0000000080000000, 0x0000000100000000)
  region size 1024K, 7 young (7168K), 7 survivors (7168K)
 Metaspace       used 101157K, committed 103232K, reserved 1179648K
  class space    used 14179K, committed 15168K, reserved 1048576K
}
Event: 62.384 GC heap before
{Heap before GC invocations=45 (full 0):
 garbage-first heap   total 160768K, used 145589K [0x0000000080000000, 0x0000000100000000)
  region size 1024K, 51 young (52224K), 7 survivors (7168K)
 Metaspace       used 104351K, committed 106432K, reserved 1179648K
  class space    used 14578K, committed 15616K, reserved 1048576K
}
Event: 62.407 GC heap after
{Heap after GC invocations=46 (full 0):
 garbage-first heap   total 160768K, used 103065K [0x0000000080000000, 0x0000000100000000)
  region size 1024K, 3 young (3072K), 3 survivors (3072K)
 Metaspace       used 104351K, committed 106432K, reserved 1179648K
  class space    used 14578K, committed 15616K, reserved 1048576K
}
Event: 64.155 GC heap before
{Heap before GC invocations=47 (full 0):
 garbage-first heap   total 174080K, used 147097K [0x0000000080000000, 0x0000000100000000)
  region size 1024K, 47 young (48128K), 3 survivors (3072K)
 Metaspace       used 107039K, committed 109248K, reserved 1179648K
  class space    used 14934K, committed 16000K, reserved 1048576K
}
Event: 64.160 GC heap after
{Heap after GC invocations=48 (full 0):
 garbage-first heap   total 174080K, used 104950K [0x0000000080000000, 0x0000000100000000)
  region size 1024K, 5 young (5120K), 5 survivors (5120K)
 Metaspace       used 107039K, committed 109248K, reserved 1179648K
  class space    used 14934K, committed 16000K, reserved 1048576K
}
Event: 66.145 GC heap before
{Heap before GC invocations=48 (full 0):
 garbage-first heap   total 174080K, used 158198K [0x0000000080000000, 0x0000000100000000)
  region size 1024K, 57 young (58368K), 5 survivors (5120K)
 Metaspace       used 110730K, committed 112896K, reserved 1179648K
  class space    used 15531K, committed 16576K, reserved 1048576K
}
Event: 66.156 GC heap after
{Heap after GC invocations=49 (full 0):
 garbage-first heap   total 174080K, used 106451K [0x0000000080000000, 0x0000000100000000)
  region size 1024K, 6 young (6144K), 6 survivors (6144K)
 Metaspace       used 110730K, committed 112896K, reserved 1179648K
  class space    used 15531K, committed 16576K, reserved 1048576K
}
Event: 68.459 GC heap before
{Heap before GC invocations=49 (full 0):
 garbage-first heap   total 174080K, used 160723K [0x0000000080000000, 0x0000000100000000)
  region size 1024K, 59 young (60416K), 6 survivors (6144K)
 Metaspace       used 114483K, committed 116672K, reserved 1179648K
  class space    used 16184K, committed 17216K, reserved 1048576K
}
Event: 68.473 GC heap after
{Heap after GC invocations=50 (full 0):
 garbage-first heap   total 174080K, used 108364K [0x0000000080000000, 0x0000000100000000)
  region size 1024K, 6 young (6144K), 6 survivors (6144K)
 Metaspace       used 114483K, committed 116672K, reserved 1179648K
  class space    used 16184K, committed 17216K, reserved 1048576K
}
Event: 70.524 GC heap before
{Heap before GC invocations=51 (full 0):
 garbage-first heap   total 181248K, used 163660K [0x0000000080000000, 0x0000000100000000)
  region size 1024K, 60 young (61440K), 6 survivors (6144K)
 Metaspace       used 118220K, committed 120512K, reserved 1179648K
  class space    used 16771K, committed 17856K, reserved 1048576K
}
Event: 70.537 GC heap after
{Heap after GC invocations=52 (full 0):
 garbage-first heap   total 181248K, used 111133K [0x0000000080000000, 0x0000000100000000)
  region size 1024K, 7 young (7168K), 7 survivors (7168K)
 Metaspace       used 118220K, committed 120512K, reserved 1179648K
  class space    used 16771K, committed 17856K, reserved 1048576K
}
Event: 75.491 GC heap before
{Heap before GC invocations=52 (full 0):
 garbage-first heap   total 181248K, used 169501K [0x0000000080000000, 0x0000000100000000)
  region size 1024K, 64 young (65536K), 7 survivors (7168K)
 Metaspace       used 122078K, committed 124352K, reserved 1179648K
  class space    used 17377K, committed 18432K, reserved 1048576K
}
Event: 75.541 GC heap after
{Heap after GC invocations=53 (full 0):
 garbage-first heap   total 181248K, used 113339K [0x0000000080000000, 0x0000000100000000)
  region size 1024K, 6 young (6144K), 6 survivors (6144K)
 Metaspace       used 122078K, committed 124352K, reserved 1179648K
  class space    used 17377K, committed 18432K, reserved 1048576K
}
Event: 79.380 GC heap before
{Heap before GC invocations=53 (full 0):
 garbage-first heap   total 181248K, used 169659K [0x0000000080000000, 0x0000000100000000)
  region size 1024K, 61 young (62464K), 6 survivors (6144K)
 Metaspace       used 125664K, committed 128000K, reserved 1179648K
  class space    used 17841K, committed 18944K, reserved 1048576K
}
Event: 79.416 GC heap after
{Heap after GC invocations=54 (full 0):
 garbage-first heap   total 182272K, used 118446K [0x0000000080000000, 0x0000000100000000)
  region size 1024K, 8 young (8192K), 8 survivors (8192K)
 Metaspace       used 125664K, committed 128000K, reserved 1179648K
  class space    used 17841K, committed 18944K, reserved 1048576K
}
Event: 83.854 GC heap before
{Heap before GC invocations=54 (full 0):
 garbage-first heap   total 182272K, used 169646K [0x0000000080000000, 0x0000000100000000)
  region size 1024K, 59 young (60416K), 8 survivors (8192K)
 Metaspace       used 127305K, committed 129728K, reserved 1179648K
  class space    used 18113K, committed 19264K, reserved 1048576K
}
Event: 83.939 GC heap after
{Heap after GC invocations=55 (full 0):
 garbage-first heap   total 187392K, used 126471K [0x0000000080000000, 0x0000000100000000)
  region size 1024K, 8 young (8192K), 8 survivors (8192K)
 Metaspace       used 127305K, committed 129728K, reserved 1179648K
  class space    used 18113K, committed 19264K, reserved 1048576K
}

Dll operation events (3 events):
Event: 0.012 Loaded shared library C:\Program Files\Android\Android Studio\jbr\bin\java.dll
Event: 0.017 Loaded shared library C:\Program Files\Android\Android Studio\jbr\bin\zip.dll
Event: 2.317 Loaded shared library C:\Program Files\Android\Android Studio\jbr\bin\verify.dll

Deoptimization events (20 events):
Event: 87.975 Thread 0x000002522891df30 Uncommon trap: trap_request=0xffffff45 fr.pc=0x000002520c68e610 relative=0x0000000000000150
Event: 87.975 Thread 0x000002522891df30 Uncommon trap: reason=unstable_if action=reinterpret pc=0x000002520c68e610 method=sun.invoke.util.Wrapper.forBasicType(Ljava/lang/Class;)Lsun/invoke/util/Wrapper; @ 92 c2
Event: 87.975 Thread 0x000002522891df30 DEOPT PACKING pc=0x000002520c68e610 sp=0x000000ebc90f8e20
Event: 87.975 Thread 0x000002522891df30 DEOPT UNPACKING pc=0x000002520ba343a2 sp=0x000000ebc90f8db8 mode 2
Event: 88.138 Thread 0x000002522891df30 Uncommon trap: trap_request=0xffffffc6 fr.pc=0x000002520c67a504 relative=0x0000000000000d64
Event: 88.138 Thread 0x000002522891df30 Uncommon trap: reason=bimorphic_or_optimized_type_check action=maybe_recompile pc=0x000002520c67a504 method=com.google.common.collect.AbstractMapBasedMultimap.get(Ljava/lang/Object;)Ljava/util/Collection; @ 5 c2
Event: 88.138 Thread 0x000002522891df30 DEOPT PACKING pc=0x000002520c67a504 sp=0x000000ebc90fa240
Event: 88.138 Thread 0x000002522891df30 DEOPT UNPACKING pc=0x000002520ba343a2 sp=0x000000ebc90fa1f8 mode 2
Event: 88.138 Thread 0x000002522891df30 Uncommon trap: trap_request=0xffffffc6 fr.pc=0x000002520c5e917c relative=0x000000000000091c
Event: 88.138 Thread 0x000002522891df30 Uncommon trap: reason=bimorphic_or_optimized_type_check action=maybe_recompile pc=0x000002520c5e917c method=com.google.common.collect.AbstractMapBasedMultimap$WrappedCollection.refreshIfEmpty()V @ 59 c2
Event: 88.138 Thread 0x000002522891df30 DEOPT PACKING pc=0x000002520c5e917c sp=0x000000ebc90fa270
Event: 88.138 Thread 0x000002522891df30 DEOPT UNPACKING pc=0x000002520ba343a2 sp=0x000000ebc90fa258 mode 2
Event: 88.139 Thread 0x000002522891df30 Uncommon trap: trap_request=0xffffffc6 fr.pc=0x000002520c67a504 relative=0x0000000000000d64
Event: 88.139 Thread 0x000002522891df30 Uncommon trap: reason=bimorphic_or_optimized_type_check action=maybe_recompile pc=0x000002520c67a504 method=com.google.common.collect.AbstractMapBasedMultimap.get(Ljava/lang/Object;)Ljava/util/Collection; @ 5 c2
Event: 88.139 Thread 0x000002522891df30 DEOPT PACKING pc=0x000002520c67a504 sp=0x000000ebc90fa250
Event: 88.139 Thread 0x000002522891df30 DEOPT UNPACKING pc=0x000002520ba343a2 sp=0x000000ebc90fa208 mode 2
Event: 88.936 Thread 0x00000252289213b0 Uncommon trap: trap_request=0xffffff45 fr.pc=0x000002520c43f86c relative=0x000000000000028c
Event: 88.936 Thread 0x00000252289213b0 Uncommon trap: reason=unstable_if action=reinterpret pc=0x000002520c43f86c method=com.esotericsoftware.kryo.io.Output.writeString(Ljava/lang/CharSequence;)V @ 50 c2
Event: 88.936 Thread 0x00000252289213b0 DEOPT PACKING pc=0x000002520c43f86c sp=0x000000ebc9bfe5c0
Event: 88.936 Thread 0x00000252289213b0 DEOPT UNPACKING pc=0x000002520ba343a2 sp=0x000000ebc9bfe540 mode 2

Classes loaded (20 events):
Event: 87.822 Loading class java/util/concurrent/ConcurrentLinkedDeque
Event: 87.827 Loading class java/util/concurrent/ConcurrentLinkedDeque done
Event: 87.827 Loading class java/util/concurrent/ConcurrentLinkedDeque$Node
Event: 87.828 Loading class java/util/concurrent/ConcurrentLinkedDeque$Node done
Event: 87.960 Loading class com/sun/org/apache/xerces/internal/dom/DOMImplementationImpl
Event: 87.963 Loading class org/w3c/dom/DOMImplementation
Event: 87.965 Loading class org/w3c/dom/DOMImplementation done
Event: 87.965 Loading class com/sun/org/apache/xerces/internal/dom/CoreDOMImplementationImpl
Event: 87.967 Loading class org/w3c/dom/ls/DOMImplementationLS
Event: 87.967 Loading class org/w3c/dom/ls/DOMImplementationLS done
Event: 87.968 Loading class com/sun/org/apache/xerces/internal/dom/CoreDOMImplementationImpl done
Event: 87.968 Loading class com/sun/org/apache/xerces/internal/dom/DOMImplementationImpl done
Event: 87.968 Loading class com/sun/org/apache/xerces/internal/dom/DeferredDOMImplementationImpl
Event: 87.969 Loading class com/sun/org/apache/xerces/internal/dom/DeferredDOMImplementationImpl done
Event: 87.977 Loading class org/w3c/dom/Comment
Event: 87.977 Loading class org/w3c/dom/Comment done
Event: 90.029 Loading class java/io/SequenceInputStream
Event: 90.031 Loading class java/io/SequenceInputStream done
Event: 90.080 Loading class java/util/function/IntUnaryOperator
Event: 90.083 Loading class java/util/function/IntUnaryOperator done

Classes unloaded (20 events):
Event: 25.522 Thread 0x0000025218ad4ca0 Unloading class 0x000000010086c000 '_BuildScript_'
Event: 27.876 Thread 0x0000025218ad4ca0 Unloading class 0x0000000100984c60 '_BuildScript_$_run_closure1$_closure2$_closure4'
Event: 27.876 Thread 0x0000025218ad4ca0 Unloading class 0x0000000100984840 '_BuildScript_$_run_closure1$_closure2$_closure3'
Event: 27.876 Thread 0x0000025218ad4ca0 Unloading class 0x0000000100984420 '_BuildScript_$_run_closure1$_closure2'
Event: 27.876 Thread 0x0000025218ad4ca0 Unloading class 0x0000000100984000 '_BuildScript_$_run_closure1'
Event: 27.876 Thread 0x0000025218ad4ca0 Unloading class 0x000000010097c800 '_BuildScript_'
Event: 30.986 Thread 0x0000025218ad4ca0 Unloading class 0x000000010099b188 '_BuildScript_$_run_closure1$_closure3'
Event: 30.986 Thread 0x0000025218ad4ca0 Unloading class 0x000000010099ad68 '_BuildScript_$_run_closure1$_closure2'
Event: 30.986 Thread 0x0000025218ad4ca0 Unloading class 0x000000010099a948 '_BuildScript_$_run_closure1'
Event: 30.986 Thread 0x0000025218ad4ca0 Unloading class 0x000000010099a420 '_BuildScript_'
Event: 30.986 Thread 0x0000025218ad4ca0 Unloading class 0x000000010099a000 'KotlinCoroutineJvmDebugArgumentsProvider$_asArguments_closure1'
Event: 30.986 Thread 0x0000025218ad4ca0 Unloading class 0x0000000100999a30 'KotlinCoroutineJvmDebugArgumentsProvider'
Event: 30.986 Thread 0x0000025218ad4ca0 Unloading class 0x0000000100999800 'Properties'
Event: 30.986 Thread 0x0000025218ad4ca0 Unloading class 0x0000000100995948 '_BuildScript_$_run_closure1$_closure2'
Event: 30.986 Thread 0x0000025218ad4ca0 Unloading class 0x0000000100995528 '_BuildScript_$_run_closure1'
Event: 30.986 Thread 0x0000025218ad4ca0 Unloading class 0x0000000100995000 '_BuildScript_'
Event: 47.484 Thread 0x0000025218ad4ca0 Unloading class 0x00000001009a2420 '_BuildScript_'
Event: 47.484 Thread 0x0000025218ad4ca0 Unloading class 0x00000001009a2000 'SetupUtpTestResultListenerAction$_execute_closure1$_closure2'
Event: 47.484 Thread 0x0000025218ad4ca0 Unloading class 0x00000001009a1ad0 'SetupUtpTestResultListenerAction$_execute_closure1'
Event: 47.484 Thread 0x0000025218ad4ca0 Unloading class 0x00000001009a1800 'SetupUtpTestResultListenerAction'

Classes redefined (0 events):
No events

Internal exceptions (20 events):
Event: 89.769 Thread 0x000002522891df30 Exception <a 'sun/nio/fs/WindowsException'{0x000000008b6da938}> (0x000000008b6da938) 
thrown [s\src\hotspot\share\prims\jni.cpp, line 537]
Event: 89.777 Thread 0x000002522891df30 Exception <a 'sun/nio/fs/WindowsException'{0x000000008b6f3658}> (0x000000008b6f3658) 
thrown [s\src\hotspot\share\prims\jni.cpp, line 537]
Event: 89.786 Thread 0x000002522891df30 Exception <a 'sun/nio/fs/WindowsException'{0x000000008b50b760}> (0x000000008b50b760) 
thrown [s\src\hotspot\share\prims\jni.cpp, line 537]
Event: 89.829 Thread 0x000002522891df30 Exception <a 'sun/nio/fs/WindowsException'{0x000000008b518ae0}> (0x000000008b518ae0) 
thrown [s\src\hotspot\share\prims\jni.cpp, line 537]
Event: 89.910 Thread 0x000002522891df30 Exception <a 'sun/nio/fs/WindowsException'{0x000000008b532dc0}> (0x000000008b532dc0) 
thrown [s\src\hotspot\share\prims\jni.cpp, line 537]
Event: 89.920 Thread 0x000002522891df30 Exception <a 'sun/nio/fs/WindowsException'{0x000000008b546c78}> (0x000000008b546c78) 
thrown [s\src\hotspot\share\prims\jni.cpp, line 537]
Event: 89.929 Thread 0x000002522891df30 Exception <a 'sun/nio/fs/WindowsException'{0x000000008b55c088}> (0x000000008b55c088) 
thrown [s\src\hotspot\share\prims\jni.cpp, line 537]
Event: 89.933 Thread 0x000002522891df30 Exception <a 'sun/nio/fs/WindowsException'{0x000000008b56c580}> (0x000000008b56c580) 
thrown [s\src\hotspot\share\prims\jni.cpp, line 537]
Event: 89.939 Thread 0x000002522891df30 Exception <a 'sun/nio/fs/WindowsException'{0x000000008b5767f8}> (0x000000008b5767f8) 
thrown [s\src\hotspot\share\prims\jni.cpp, line 537]
Event: 89.950 Thread 0x000002522891df30 Exception <a 'sun/nio/fs/WindowsException'{0x000000008b57f270}> (0x000000008b57f270) 
thrown [s\src\hotspot\share\prims\jni.cpp, line 537]
Event: 89.964 Thread 0x000002522891df30 Exception <a 'sun/nio/fs/WindowsException'{0x000000008b5880b8}> (0x000000008b5880b8) 
thrown [s\src\hotspot\share\prims\jni.cpp, line 537]
Event: 89.970 Thread 0x000002522891df30 Exception <a 'sun/nio/fs/WindowsException'{0x000000008b591598}> (0x000000008b591598) 
thrown [s\src\hotspot\share\prims\jni.cpp, line 537]
Event: 90.086 Thread 0x000002522891df30 Exception <a 'java/lang/NoSuchMethodError'{0x000000008b433ab0}: 'int java.lang.invoke.DirectMethodHandle$Holder.invokeSpecial(java.lang.Object, java.lang.Object, int)'> (0x000000008b433ab0) 
thrown [s\src\hotspot\share\interpreter\linkResolver.cpp, line 784]
Event: 90.114 Thread 0x000002522891df30 Exception <a 'sun/nio/fs/WindowsException'{0x000000008b46f000}> (0x000000008b46f000) 
thrown [s\src\hotspot\share\prims\jni.cpp, line 537]
Event: 90.121 Thread 0x000002522891df30 Exception <a 'sun/nio/fs/WindowsException'{0x000000008b479078}> (0x000000008b479078) 
thrown [s\src\hotspot\share\prims\jni.cpp, line 537]
Event: 90.128 Thread 0x000002522891df30 Exception <a 'sun/nio/fs/WindowsException'{0x000000008b4833c8}> (0x000000008b4833c8) 
thrown [s\src\hotspot\share\prims\jni.cpp, line 537]
Event: 90.145 Thread 0x000002522891df30 Exception <a 'sun/nio/fs/WindowsException'{0x000000008b496410}> (0x000000008b496410) 
thrown [s\src\hotspot\share\prims\jni.cpp, line 537]
Event: 90.152 Thread 0x000002522891df30 Exception <a 'sun/nio/fs/WindowsException'{0x000000008b4ae1f0}> (0x000000008b4ae1f0) 
thrown [s\src\hotspot\share\prims\jni.cpp, line 537]
Event: 90.215 Thread 0x000002522891df30 Exception <a 'sun/nio/fs/WindowsException'{0x000000008b4d9cf8}> (0x000000008b4d9cf8) 
thrown [s\src\hotspot\share\prims\jni.cpp, line 537]
Event: 90.226 Thread 0x000002522891df30 Exception <a 'sun/nio/fs/WindowsException'{0x000000008b302548}> (0x000000008b302548) 
thrown [s\src\hotspot\share\prims\jni.cpp, line 537]

ZGC Phase Switch (0 events):
No events

VM Operations (20 events):
Event: 84.891 Executing safepoint VM operation: G1PauseCleanup done
Event: 85.116 Executing non-safepoint VM operation: HandshakeAllThreads (Deoptimize)
Event: 85.117 Executing non-safepoint VM operation: HandshakeAllThreads (Deoptimize) done
Event: 85.121 Executing non-safepoint VM operation: HandshakeAllThreads (Deoptimize)
Event: 85.121 Executing non-safepoint VM operation: HandshakeAllThreads (Deoptimize) done
Event: 85.145 Executing non-safepoint VM operation: HandshakeAllThreads (Deoptimize)
Event: 85.145 Executing non-safepoint VM operation: HandshakeAllThreads (Deoptimize) done
Event: 85.158 Executing non-safepoint VM operation: HandshakeAllThreads (Deoptimize)
Event: 85.159 Executing non-safepoint VM operation: HandshakeAllThreads (Deoptimize) done
Event: 86.163 Executing safepoint VM operation: Cleanup
Event: 86.164 Executing safepoint VM operation: Cleanup done
Event: 87.166 Executing safepoint VM operation: Cleanup
Event: 87.198 Executing safepoint VM operation: Cleanup done
Event: 87.790 Executing non-safepoint VM operation: HandshakeAllThreads (Deoptimize)
Event: 87.790 Executing non-safepoint VM operation: HandshakeAllThreads (Deoptimize) done
Event: 88.792 Executing safepoint VM operation: Cleanup
Event: 88.793 Executing safepoint VM operation: Cleanup done
Event: 89.410 Executing non-safepoint VM operation: HandshakeAllThreads (Deoptimize)
Event: 89.431 Executing non-safepoint VM operation: HandshakeAllThreads (Deoptimize) done
Event: 90.433 Executing safepoint VM operation: Cleanup

Memory protections (0 events):
No events

Nmethod flushes (20 events):
Event: 84.776 Thread 0x0000025218ad4ca0 flushing  nmethod 0x00000252047f0710
Event: 84.776 Thread 0x0000025218ad4ca0 flushing  nmethod 0x00000252047f2310
Event: 84.776 Thread 0x0000025218ad4ca0 flushing  nmethod 0x00000252049b7310
Event: 84.776 Thread 0x0000025218ad4ca0 flushing  nmethod 0x0000025204a5e790
Event: 84.776 Thread 0x0000025218ad4ca0 flushing  nmethod 0x0000025204bb0510
Event: 84.776 Thread 0x0000025218ad4ca0 flushing  nmethod 0x0000025204c59290
Event: 84.776 Thread 0x0000025218ad4ca0 flushing  nmethod 0x0000025204d52a90
Event: 84.776 Thread 0x0000025218ad4ca0 flushing  nmethod 0x0000025204ec3290
Event: 84.776 Thread 0x0000025218ad4ca0 flushing  nmethod 0x0000025205192310
Event: 84.776 Thread 0x0000025218ad4ca0 flushing  nmethod 0x0000025205206990
Event: 84.776 Thread 0x0000025218ad4ca0 flushing  nmethod 0x0000025205383010
Event: 84.776 Thread 0x0000025218ad4ca0 flushing  nmethod 0x0000025205496990
Event: 84.776 Thread 0x0000025218ad4ca0 flushing  nmethod 0x0000025205653b90
Event: 84.777 Thread 0x0000025218ad4ca0 flushing  nmethod 0x000002520c494190
Event: 84.777 Thread 0x0000025218ad4ca0 flushing  nmethod 0x000002520456f310
Event: 84.777 Thread 0x0000025218ad4ca0 flushing  nmethod 0x00000252045d6510
Event: 84.777 Thread 0x0000025218ad4ca0 flushing  nmethod 0x00000252047e1390
Event: 84.777 Thread 0x0000025218ad4ca0 flushing  nmethod 0x0000025205033f90
Event: 84.777 Thread 0x0000025218ad4ca0 flushing  nmethod 0x00000252050b0210
Event: 84.777 Thread 0x0000025218ad4ca0 flushing  nmethod 0x0000025205141210

Events (20 events):
Event: 27.592 Thread 0x000002521e8ce260 Thread added: 0x000002521f2c8810
Event: 28.036 Thread 0x000002521e8ce260 Thread added: 0x000002521f2c9bc0
Event: 28.436 Thread 0x000002521e8ce260 Thread added: 0x000002521f2c8ea0
Event: 28.729 Thread 0x000002521e8ce260 Thread added: 0x000002521f2c6740
Event: 54.679 Thread 0x000002521e8ce260 Thread added: 0x00000252216e0500
Event: 56.517 Thread 0x000002521e8ce260 Thread added: 0x00000252216de430
Event: 58.985 Thread 0x000002521e8ce260 Thread added: 0x00000252216e0b90
Event: 81.854 Thread 0x000002521e8ce260 Thread added: 0x000002522891e5c0
Event: 81.947 Thread 0x000002522891e5c0 Thread added: 0x000002522891df30
Event: 81.948 Thread 0x000002522891e5c0 Thread added: 0x0000025228920000
Event: 81.949 Thread 0x000002522891e5c0 Thread added: 0x0000025228920690
Event: 81.949 Thread 0x000002522891e5c0 Thread added: 0x000002522891d210
Event: 81.952 Thread 0x000002522891e5c0 Thread added: 0x0000025228921a40
Event: 81.954 Thread 0x000002522891e5c0 Thread added: 0x00000252289220d0
Event: 81.954 Thread 0x000002522891e5c0 Thread added: 0x0000025228922760
Event: 81.954 Thread 0x000002522891e5c0 Thread added: 0x0000025228922df0
Event: 81.954 Thread 0x000002522891e5c0 Thread added: 0x0000025228923b10
Event: 81.954 Thread 0x000002522891e5c0 Thread added: 0x0000025228923480
Event: 81.955 Thread 0x000002522891e5c0 Thread added: 0x0000025228920d20
Event: 82.219 Thread 0x000002522891df30 Thread added: 0x00000252289213b0


Dynamic libraries:
0x00007ff6cdd70000 - 0x00007ff6cdd7a000 	C:\Program Files\Android\Android Studio\jbr\bin\java.exe
0x00007ffc47d20000 - 0x00007ffc47f87000 	C:\WINDOWS\SYSTEM32\ntdll.dll
0x00007ffc46f60000 - 0x00007ffc47029000 	C:\WINDOWS\System32\KERNEL32.DLL
0x00007ffc448d0000 - 0x00007ffc44cc7000 	C:\WINDOWS\System32\KERNELBASE.dll
0x00007ffc41aa0000 - 0x00007ffc41b40000 	C:\WINDOWS\SYSTEM32\apphelp.dll
0x00007ffc45020000 - 0x00007ffc4516b000 	C:\WINDOWS\System32\ucrtbase.dll
0x00007ffbf28f0000 - 0x00007ffbf2908000 	C:\Program Files\Android\Android Studio\jbr\bin\jli.dll
0x00007ffc0ac20000 - 0x00007ffc0ac3b000 	C:\Program Files\Android\Android Studio\jbr\bin\VCRUNTIME140.dll
0x00007ffc46580000 - 0x00007ffc46746000 	C:\WINDOWS\System32\USER32.dll
0x00007ffc459e0000 - 0x00007ffc45a07000 	C:\WINDOWS\System32\win32u.dll
0x00007ffc45ff0000 - 0x00007ffc4601b000 	C:\WINDOWS\System32\GDI32.dll
0x00007ffc2ddb0000 - 0x00007ffc2e042000 	C:\WINDOWS\WinSxS\amd64_microsoft.windows.common-controls_6595b64144ccf1df_6.0.26100.8457_none_3e0b2faee331e92d\COMCTL32.dll
0x00007ffc44cd0000 - 0x00007ffc44dfc000 	C:\WINDOWS\System32\gdi32full.dll
0x00007ffc46300000 - 0x00007ffc463a9000 	C:\WINDOWS\System32\msvcrt.dll
0x00007ffc44f70000 - 0x00007ffc45013000 	C:\WINDOWS\System32\msvcp_win.dll
0x00007ffc46490000 - 0x00007ffc464c2000 	C:\WINDOWS\System32\IMM32.DLL
0x00007ffc41980000 - 0x00007ffc4198c000 	C:\Program Files\Android\Android Studio\jbr\bin\vcruntime140_1.dll
0x00007ffbac530000 - 0x00007ffbac5bd000 	C:\Program Files\Android\Android Studio\jbr\bin\msvcp140.dll
0x00007ffb58a70000 - 0x00007ffb59706000 	C:\Program Files\Android\Android Studio\jbr\bin\server\jvm.dll
0x00007ffc45aa0000 - 0x00007ffc45b56000 	C:\WINDOWS\System32\ADVAPI32.dll
0x00007ffc464d0000 - 0x00007ffc46577000 	C:\WINDOWS\System32\sechost.dll
0x00007ffc47610000 - 0x00007ffc47728000 	C:\WINDOWS\System32\RPCRT4.dll
0x00007ffc47c30000 - 0x00007ffc47cb0000 	C:\WINDOWS\System32\WS2_32.dll
0x00007ffc445b0000 - 0x00007ffc4460e000 	C:\WINDOWS\SYSTEM32\POWRPROF.dll
0x00007ffc2cba0000 - 0x00007ffc2cbab000 	C:\WINDOWS\SYSTEM32\VERSION.dll
0x00007ffc3f6d0000 - 0x00007ffc3f706000 	C:\WINDOWS\SYSTEM32\WINMM.dll
0x00007ffc44590000 - 0x00007ffc445a4000 	C:\WINDOWS\SYSTEM32\UMPDC.dll
0x00007ffc434e0000 - 0x00007ffc434fb000 	C:\WINDOWS\SYSTEM32\kernel.appcore.dll
0x00007ffc23370000 - 0x00007ffc2337a000 	C:\Program Files\Android\Android Studio\jbr\bin\jimage.dll
0x00007ffc42570000 - 0x00007ffc427b2000 	C:\WINDOWS\SYSTEM32\DBGHELP.DLL
0x00007ffc477b0000 - 0x00007ffc47b33000 	C:\WINDOWS\System32\combase.dll
0x00007ffc463b0000 - 0x00007ffc46489000 	C:\WINDOWS\System32\OLEAUT32.dll
0x00007ffc343a0000 - 0x00007ffc343db000 	C:\WINDOWS\SYSTEM32\dbgcore.DLL
0x00007ffc44ec0000 - 0x00007ffc44f68000 	C:\WINDOWS\System32\bcryptPrimitives.dll
0x00007ffc175c0000 - 0x00007ffc175ce000 	C:\Program Files\Android\Android Studio\jbr\bin\instrument.dll
0x00007ffc0ac00000 - 0x00007ffc0ac20000 	C:\Program Files\Android\Android Studio\jbr\bin\java.dll
0x00007ffc0aa70000 - 0x00007ffc0aa88000 	C:\Program Files\Android\Android Studio\jbr\bin\zip.dll
0x00007ffc46750000 - 0x00007ffc46ebe000 	C:\WINDOWS\System32\SHELL32.dll
0x00007ffc45170000 - 0x00007ffc459dc000 	C:\WINDOWS\System32\windows.storage.dll
0x00007ffc47060000 - 0x00007ffc47156000 	C:\WINDOWS\System32\SHCORE.dll
0x00007ffc475a0000 - 0x00007ffc47606000 	C:\WINDOWS\System32\shlwapi.dll
0x00007ffc44670000 - 0x00007ffc44699000 	C:\WINDOWS\SYSTEM32\profapi.dll
0x00007ffc23310000 - 0x00007ffc23320000 	C:\Program Files\Android\Android Studio\jbr\bin\net.dll
0x00007ffc36030000 - 0x00007ffc36159000 	C:\WINDOWS\SYSTEM32\WINHTTP.dll
0x00007ffc43a50000 - 0x00007ffc43abc000 	C:\WINDOWS\system32\mswsock.dll
0x00007ffc0a9f0000 - 0x00007ffc0aa06000 	C:\Program Files\Android\Android Studio\jbr\bin\nio.dll
0x00007ffc0a9e0000 - 0x00007ffc0a9f0000 	C:\Program Files\Android\Android Studio\jbr\bin\verify.dll
0x00007ffc17350000 - 0x00007ffc17377000 	C:\Users\adeez\.gradle\native\660c5614fbf4a5f2a75b1949f50a0caf5cd603558e7d8a26e50b933a0cfb79d1\windows-amd64\native-platform.dll
0x00007ffbad0d0000 - 0x00007ffbad147000 	C:\Users\adeez\.gradle\native\0.2.8\x86_64-windows-gnu\gradle-fileevents.dll
0x00007ffc173d0000 - 0x00007ffc173d9000 	C:\Program Files\Android\Android Studio\jbr\bin\management.dll
0x00007ffc17340000 - 0x00007ffc1734b000 	C:\Program Files\Android\Android Studio\jbr\bin\management_ext.dll
0x00007ffc47030000 - 0x00007ffc47038000 	C:\WINDOWS\System32\PSAPI.DLL
0x00007ffc42ef0000 - 0x00007ffc42f22000 	C:\WINDOWS\SYSTEM32\IPHLPAPI.DLL
0x00007ffc47050000 - 0x00007ffc4705a000 	C:\WINDOWS\System32\NSI.dll
0x00007ffc174f0000 - 0x00007ffc174f9000 	C:\Program Files\Android\Android Studio\jbr\bin\extnet.dll
0x00007ffc43d30000 - 0x00007ffc43d4b000 	C:\WINDOWS\SYSTEM32\CRYPTSP.dll
0x00007ffc43440000 - 0x00007ffc43479000 	C:\WINDOWS\system32\rsaenh.dll
0x00007ffc43b00000 - 0x00007ffc43b33000 	C:\WINDOWS\SYSTEM32\USERENV.dll
0x00007ffc44640000 - 0x00007ffc4466a000 	C:\WINDOWS\SYSTEM32\bcrypt.dll
0x00007ffc43d50000 - 0x00007ffc43d5c000 	C:\WINDOWS\SYSTEM32\CRYPTBASE.dll
0x00007ffc1f150000 - 0x00007ffc1f158000 	C:\WINDOWS\system32\wshunix.dll
0x00007ffc42f90000 - 0x00007ffc430c2000 	C:\WINDOWS\SYSTEM32\DNSAPI.dll
0x00007ffc3b510000 - 0x00007ffc3b51b000 	C:\Windows\System32\rasadhlp.dll
0x00007ffc3e330000 - 0x00007ffc3e3b6000 	C:\WINDOWS\System32\fwpuclnt.dll
0x00007ffc43600000 - 0x00007ffc43636000 	C:\WINDOWS\SYSTEM32\ntmarta.dll

JVMTI agents:
C:\Users\adeez\.gradle\wrapper\dists\gradle-9.4.1-bin\arn2x92ynaizyzdaamcbpbhtj\gradle-9.4.1\lib\agents\gradle-instrumentation-agent-9.4.1.jar path:C:\Program Files\Android\Android Studio\jbr\bin\instrument.dll, loaded, initialized, instrumentlib options:none

dbghelp: loaded successfully - version: 4.0.5 - missing functions: none
symbol engine: initialized successfully - sym options: 0x614 - pdb path: .;C:\Program Files\Android\Android Studio\jbr\bin;C:\WINDOWS\SYSTEM32;C:\WINDOWS\WinSxS\amd64_microsoft.windows.common-controls_6595b64144ccf1df_6.0.26100.8457_none_3e0b2faee331e92d;C:\Program Files\Android\Android Studio\jbr\bin\server;C:\Users\adeez\.gradle\native\660c5614fbf4a5f2a75b1949f50a0caf5cd603558e7d8a26e50b933a0cfb79d1\windows-amd64;C:\Users\adeez\.gradle\native\0.2.8\x86_64-windows-gnu

VM Arguments:
jvm_args: --add-opens=java.base/java.lang=ALL-UNNAMED --add-opens=java.base/java.lang.invoke=ALL-UNNAMED --add-opens=java.base/java.util=ALL-UNNAMED --add-opens=java.prefs/java.util.prefs=ALL-UNNAMED --add-exports=jdk.compiler/com.sun.tools.javac.api=ALL-UNNAMED --add-exports=jdk.compiler/com.sun.tools.javac.util=ALL-UNNAMED --add-opens=java.base/java.util=ALL-UNNAMED --add-opens=java.prefs/java.util.prefs=ALL-UNNAMED --add-opens=java.base/java.nio.charset=ALL-UNNAMED --add-opens=java.base/java.net=ALL-UNNAMED --add-opens=java.base/java.util.concurrent=ALL-UNNAMED --add-opens=java.base/java.util.concurrent.atomic=ALL-UNNAMED --add-opens=java.xml/javax.xml.namespace=ALL-UNNAMED --add-opens=java.base/java.time=ALL-UNNAMED -Xmx2048m -Dfile.encoding=UTF-8 -Duser.country=US -Duser.language=en -Duser.variant -javaagent:C:\Users\adeez\.gradle\wrapper\dists\gradle-9.4.1-bin\arn2x92ynaizyzdaamcbpbhtj\gradle-9.4.1\lib\agents\gradle-instrumentation-agent-9.4.1.jar 
java_command: org.gradle.launcher.daemon.bootstrap.GradleDaemon 9.4.1
java_class_path (initial): C:\Users\adeez\.gradle\wrapper\dists\gradle-9.4.1-bin\arn2x92ynaizyzdaamcbpbhtj\gradle-9.4.1\lib\gradle-daemon-main-9.4.1.jar
Launcher Type: SUN_STANDARD

[Global flags]
     intx CICompilerCount                          = 4                                         {product} {ergonomic}
     uint ConcGCThreads                            = 3                                         {product} {ergonomic}
     uint G1ConcRefinementThreads                  = 10                                        {product} {ergonomic}
   size_t G1HeapRegionSize                         = 1048576                                   {product} {ergonomic}
    uintx GCDrainStackTargetSize                   = 64                                        {product} {ergonomic}
   size_t InitialHeapSize                          = 94371840                                  {product} {ergonomic}
   size_t MarkStackSize                            = 4194304                                   {product} {ergonomic}
   size_t MaxHeapSize                              = 2147483648                                {product} {command line}
   size_t MaxNewSize                               = 1287651328                                {product} {ergonomic}
   size_t MinHeapDeltaBytes                        = 1048576                                   {product} {ergonomic}
   size_t MinHeapSize                              = 8388608                                   {product} {ergonomic}
    uintx NonNMethodCodeHeapSize                   = 5839372                                {pd product} {ergonomic}
    uintx NonProfiledCodeHeapSize                  = 122909434                              {pd product} {ergonomic}
    uintx ProfiledCodeHeapSize                     = 122909434                              {pd product} {ergonomic}
    uintx ReservedCodeCacheSize                    = 251658240                              {pd product} {ergonomic}
     bool SegmentedCodeCache                       = true                                      {product} {ergonomic}
   size_t SoftMaxHeapSize                          = 2147483648                             {manageable} {ergonomic}
     bool UseCompressedOops                        = true                           {product lp64_product} {ergonomic}
     bool UseG1GC                                  = true                                      {product} {ergonomic}
     bool UseLargePagesIndividualAllocation        = false                                  {pd product} {ergonomic}

Logging:
Log output configuration:
 #0: stdout all=warning uptime,level,tags foldmultilines=false
 #1: stderr all=off uptime,level,tags foldmultilines=false

Release file:
JAVA_VERSION="21.0.10" 
MODULES="java.base java.compiler java.datatransfer java.xml java.prefs java.desktop java.instrument java.logging java.management java.security.sasl java.naming java.rmi java.management.rmi java.net.http java.scripting java.security.jgss java.transaction.xa java.sql java.sql.rowset java.xml.crypto java.se java.smartcardio jdk.accessibility jdk.internal.jvmstat jdk.attach jdk.charsets jdk.internal.opt jdk.zipfs jdk.compiler jdk.crypto.ec jdk.crypto.cryptoki jdk.dynalink jdk.hotspot.agent jdk.httpserver jdk.internal.ed jdk.internal.le jdk.internal.vm.ci jdk.jartool jdk.javadoc jdk.jcmd jdk.jdeps jdk.jdwp.agent jdk.jdi jdk.jfr jdk.jlink jdk.jsobject jdk.localedata jdk.management jdk.management.agent jdk.management.jfr jdk.naming.dns jdk.naming.rmi jdk.net jdk.sctp jdk.security.auth jdk.security.jgss jdk.unsupported jdk.unsupported.desktop jdk.xml.dom" 
IMPLEMENTOR="JetBrains s.r.o." 
JAVA_RUNTIME_VERSION="21.0.10+-14961533-b1163.108" 
LIBC="default" 
OS_ARCH="x86_64" 
OS_NAME="Windows" 
SOURCE=".:git:1351622c2ff2" 

Environment Variables:
PATH=C:\WINDOWS\system32;C:\WINDOWS;C:\WINDOWS\System32\Wbem;C:\WINDOWS\System32\WindowsPowerShell\v1.0\;C:\WINDOWS\System32\OpenSSH\;C:\Users\adeez\AppData\Roaming\nvm;C:\Program Files\nodejs;C:\Program Files\dotnet\;C:\Program Files\Git\cmd;C:\Program Files\Docker\Docker\resources\bin;C:\Users\adeez\.local\bin;C:\WINDOWS\system32;C:\WINDOWS;C:\WINDOWS\System32\Wbem;C:\WINDOWS\System32\WindowsPowerShell\v1.0\;C:\WINDOWS\System32\OpenSSH\;C:\Program Files\Git\cmd;C:\Users\adeez\AppData\Local\Microsoft\WindowsApps;C:\Users\adeez\AppData\Local\Programs\Microsoft VS Code\bin;C:\npm-global\bin;C:\Program Files\nvm\;C:\Users\adeez\AppData\Roaming\npm;C:\Users\adeez\AppData\Roaming\nvm;C:\Program Files\nodejs;C:\Users\adeez\AppData\Roaming\nvm;C:\Users\adeez\AppData\Roaming\nvm\v22.11.0;C:\Users\adeez\AppData\Local\Microsoft\WindowsApps;C:\Users\adeez\AppData\Local\Microsoft\WinGet\Packages\Schniz.fnm_Microsoft.Winget.Source_8wekyb3d8bbwe;C:\Users\adeez\.dotnet\tools;C:\Users\adeez\AppData\Local\Python\bin
USERNAME=adeez
OS=Windows_NT
PROCESSOR_IDENTIFIER=Intel64 Family 6 Model 186 Stepping 3, GenuineIntel
TMP=C:\Users\adeez\AppData\Local\Temp
TEMP=C:\Users\adeez\AppData\Local\Temp




Periodic native trim disabled

JNI global refs:
JNI global refs: 28, weak refs: 3

JNI global refs memory usage: 835, weak refs: 833

Process memory usage:
Resident Set Size: 177328K (3% of 5824288K total physical memory with 12244K free physical memory)

OOME stack traces (most recent first):
Classloader memory used:
Loader org.gradle.internal.classloader.VisitableURLClassLoader                         : 53055K
Loader bootstrap                                                                       : 33581K
Loader org.gradle.internal.classloader.VisitableURLClassLoader$InstrumentingVisitableURLClassLoader: 29196K
Loader org.gradle.initialization.MixInLegacyTypesClassLoader                           : 13124K
Loader jdk.internal.loader.ClassLoaders$PlatformClassLoader                            : 707K
Loader jdk.internal.reflect.DelegatingClassLoader                                      : 327K
Loader org.gradle.internal.classloader.VisitableURLClassLoader                         : 208K
Loader jdk.internal.loader.ClassLoaders$AppClassLoader                                 : 192K
Loader org.gradle.groovy.scripts.internal.DefaultScriptCompilationHandler$ScriptClassLoader: 126K

Classes loaded by more than one classloader:
Class Program                                                                         : loaded 5 times (x 72B)
Class Build_gradle                                                                    : loaded 3 times (x 126B)
Class com.google.common.collect.RegularImmutableMap$KeySet                            : loaded 2 times (x 152B)
Class org.gradle.internal.classloader.FilteringClassLoader                            : loaded 2 times (x 105B)
Class com.google.common.io.FileWriteMode                                              : loaded 2 times (x 79B)
Class [Lcom.google.common.base.AbstractIterator$State;                                : loaded 2 times (x 69B)
Class com.google.common.base.CharMatcher$IsEither                                     : loaded 2 times (x 111B)
Class org.gradle.internal.classloader.ClassLoaderHierarchy                            : loaded 2 times (x 70B)
Class com.google.common.collect.AbstractMapBasedMultimap$WrappedCollection            : loaded 2 times (x 124B)
Class com.google.common.collect.ImmutableEnumSet                                      : loaded 2 times (x 146B)
Class com.google.common.util.concurrent.ExecutionError                                : loaded 2 times (x 82B)
Class com.google.common.collect.ImmutableList$1                                       : loaded 2 times (x 97B)
Class com.google.common.collect.RegularImmutableMap                                   : loaded 2 times (x 121B)
Class com.google.common.collect.ImmutableMap$MapViewOfValuesAsSingletonSets           : loaded 2 times (x 126B)
Class com.google.common.collect.TransformedListIterator                               : loaded 2 times (x 93B)
Class [Lorg.objectweb.asm.Symbol;                                                     : loaded 2 times (x 69B)
Class org.objectweb.asm.ClassVisitor                                                  : loaded 2 times (x 88B)
Class com.google.common.collect.UnmodifiableListIterator                              : loaded 2 times (x 95B)
Class com.google.common.base.Platform$JdkPatternCompiler                              : loaded 2 times (x 75B)
Class org.objectweb.asm.MethodTooLargeException                                       : loaded 2 times (x 83B)
Class [Lcom.google.common.cache.CacheBuilder$OneWeigher;                              : loaded 2 times (x 69B)
Class com.google.common.base.Suppliers                                                : loaded 2 times (x 71B)
Class org.gradle.internal.classloader.DefaultClassLoaderFactory                       : loaded 2 times (x 82B)
Class com.google.common.base.CharMatcher$None                                         : loaded 2 times (x 112B)
Class [Lcom.google.common.collect.ImmutableMapEntry;                                  : loaded 2 times (x 69B)
Class com.google.common.collect.ListMultimap                                          : loaded 2 times (x 70B)
Class com.google.common.collect.ImmutableEnumMap                                      : loaded 2 times (x 126B)
Class com.google.common.base.Splitter                                                 : loaded 2 times (x 72B)
Class com.google.common.collect.Sets$1                                                : loaded 2 times (x 139B)
Class org.objectweb.asm.AnnotationVisitor                                             : loaded 2 times (x 78B)
Class org.gradle.api.internal.DefaultClassPathProvider                                : loaded 2 times (x 76B)
Class com.google.common.collect.Maps$ViewCachingAbstractMap                           : loaded 2 times (x 125B)
Class com.google.common.collect.Sets$2                                                : loaded 2 times (x 139B)
Class [Lorg.gradle.api.internal.ClassPathProvider;                                    : loaded 2 times (x 69B)
Class org.gradle.api.internal.ClassPathProvider                                       : loaded 2 times (x 70B)
Class com.google.common.base.AbstractIterator$State                                   : loaded 2 times (x 79B)
Class [Lorg.objectweb.asm.AnnotationVisitor;                                          : loaded 2 times (x 69B)
Class com.google.common.collect.Sets$3                                                : loaded 2 times (x 139B)
Class com.google.common.cache.LocalCache$LocalLoadingCache                            : loaded 2 times (x 134B)
Class org.gradle.internal.service.UnknownServiceException                             : loaded 2 times (x 83B)
Class com.google.common.collect.Sets$4                                                : loaded 2 times (x 139B)
Class org.objectweb.asm.ModuleVisitor                                                 : loaded 2 times (x 81B)
Class com.google.common.cache.LocalCache$Strength$1                                   : loaded 2 times (x 81B)
Class com.google.common.util.concurrent.SettableFuture                                : loaded 2 times (x 114B)
Class com.google.common.cache.LocalCache$Strength$2                                   : loaded 2 times (x 81B)
Class com.google.common.collect.TransformedIterator                                   : loaded 2 times (x 80B)
Class com.google.common.base.Splitter$1                                               : loaded 2 times (x 77B)
Class com.google.common.cache.LocalCache$Strength$3                                   : loaded 2 times (x 81B)
Class com.google.common.collect.MapDifference                                         : loaded 2 times (x 70B)
Class org.objectweb.asm.FieldWriter                                                   : loaded 2 times (x 78B)
Class com.google.common.cache.CacheBuilder$NullListener                               : loaded 2 times (x 82B)
Class org.gradle.internal.classpath.TransformedClassPath                              : loaded 2 times (x 96B)
Class org.gradle.internal.classloader.InstrumentingClassLoader                        : loaded 2 times (x 70B)
Class com.google.common.cache.CacheLoader$FunctionToCacheLoader                       : loaded 2 times (x 75B)
Class com.google.common.collect.Iterators$ArrayItr                                    : loaded 2 times (x 97B)
Class com.google.common.collect.ImmutableCollection$Builder                           : loaded 2 times (x 76B)
Class com.google.common.base.Joiner                                                   : loaded 2 times (x 79B)
Class com.google.common.base.Equivalence$Identity                                     : loaded 2 times (x 82B)
Class com.google.common.collect.Platform                                              : loaded 2 times (x 71B)
Class [Lorg.objectweb.asm.Type;                                                       : loaded 2 times (x 69B)
Class com.google.common.collect.UnmodifiableIterator                                  : loaded 2 times (x 80B)
Class org.gradle.internal.service.ServiceLocator                                      : loaded 2 times (x 70B)
Class com.google.common.base.Ascii                                                    : loaded 2 times (x 71B)
Class com.google.common.collect.SingletonImmutableBiMap                               : loaded 2 times (x 143B)
Class com.google.common.cache.LocalCache$1                                            : loaded 2 times (x 89B)
Class com.google.common.collect.Iterators$SingletonIterator                           : loaded 2 times (x 81B)
Class com.google.common.collect.AbstractMapEntry                                      : loaded 2 times (x 81B)
Class com.google.common.collect.Sets$ImprovedAbstractSet                              : loaded 2 times (x 135B)
Class com.google.common.collect.ImmutableList$Builder                                 : loaded 2 times (x 77B)
Class com.google.common.collect.AbstractMultimap                                      : loaded 2 times (x 123B)
Class com.google.common.cache.LocalCache$2                                            : loaded 2 times (x 142B)
Class com.google.common.collect.RegularImmutableAsList                                : loaded 2 times (x 217B)
Class com.google.common.util.concurrent.AbstractFuture$Trusted                        : loaded 2 times (x 70B)
Class com.google.common.collect.Iterators                                             : loaded 2 times (x 71B)
Class com.google.common.io.ByteSink$AsCharSink                                        : loaded 2 times (x 80B)
Class com.google.common.collect.Lists$StringAsImmutableList                           : loaded 2 times (x 207B)
Class com.google.common.util.concurrent.UncheckedExecutionException                   : loaded 2 times (x 82B)
Class org.gradle.kotlin.dsl.VersionCatalogAccessorsKt                                 : loaded 2 times (x 71B)
Class com.google.common.collect.AbstractMapBasedMultimap$KeySet$1                     : loaded 2 times (x 82B)
Class org.objectweb.asm.ClassWriter                                                   : loaded 2 times (x 106B)
Class com.google.common.cache.CacheLoader$UnsupportedLoadingOperationException        : loaded 2 times (x 82B)
Class com.google.common.base.CharMatcher$And                                          : loaded 2 times (x 112B)
Class org.objectweb.asm.FieldVisitor                                                  : loaded 2 times (x 77B)
Class com.google.common.collect.IndexedImmutableSet                                   : loaded 2 times (x 152B)
Class com.google.common.collect.ImmutableMap$1                                        : loaded 2 times (x 81B)
Class com.google.common.collect.BiMap                                                 : loaded 2 times (x 70B)
Class org.gradle.api.internal.classpath.DefaultModuleRegistry$DefaultModule           : loaded 2 times (x 82B)
Class com.google.common.primitives.Ints                                               : loaded 2 times (x 71B)
Class com.google.common.collect.AbstractIterator                                      : loaded 2 times (x 82B)
Class com.google.common.collect.ObjectArrays                                          : loaded 2 times (x 71B)
Class com.google.common.math.MathPreconditions                                        : loaded 2 times (x 71B)
Class com.google.common.collect.Multiset                                              : loaded 2 times (x 70B)
Class com.google.common.collect.ArrayListMultimapGwtSerializationDependencies         : loaded 2 times (x 172B)
Class com.google.common.collect.AbstractIndexedListIterator                           : loaded 2 times (x 96B)
Class com.google.common.collect.ImmutableMapEntrySet                                  : loaded 2 times (x 152B)
Class org.gradle.api.internal.classpath.Module                                        : loaded 2 times (x 70B)
Class com.google.common.cache.Weigher                                                 : loaded 2 times (x 70B)
Class ijJvmDebugger1_elsaqjvfhfz8f83hch95eid5a$_run_closure1$_closure2                : loaded 2 times (x 140B)
Class org.gradle.api.internal.classpath.UnknownModuleException                        : loaded 2 times (x 82B)
Class com.google.common.base.Stopwatch                                                : loaded 2 times (x 72B)
Class com.google.common.cache.LocalCache$Strength                                     : loaded 2 times (x 81B)
Class com.google.common.cache.Cache                                                   : loaded 2 times (x 70B)
Class com.google.common.base.NullnessCasts                                            : loaded 2 times (x 71B)
Class com.google.common.util.concurrent.AbstractFuture$Cancellation                   : loaded 2 times (x 72B)
Class com.google.common.collect.ImmutableMap$Builder                                  : loaded 2 times (x 82B)
Class com.google.common.collect.AbstractMapBasedMultimap$WrappedCollection$WrappedIterator: loaded 2 times (x 84B)
Class com.google.common.cache.RemovalListener                                         : loaded 2 times (x 70B)
Class org.gradle.api.internal.DefaultClassPathRegistry                                : loaded 2 times (x 76B)
Class com.google.common.primitives.IntsMethodsForWeb                                  : loaded 2 times (x 71B)
Class com.google.common.collect.Multimap                                              : loaded 2 times (x 70B)
Class org.gradle.internal.classpath.DefaultClassPath$ImmutableUniqueList              : loaded 2 times (x 199B)
Class org.gradle.api.internal.ClassPathRegistry                                       : loaded 2 times (x 70B)
Class ijKotlinCoroutineJvmDebugInit1_egsf1jk8pkk929ce3erxcvj64$_run_closure1          : loaded 2 times (x 139B)
Class com.google.common.base.MoreObjects                                              : loaded 2 times (x 71B)
Class com.google.common.io.ByteSink                                                   : loaded 2 times (x 76B)
Class com.google.common.cache.CacheBuilder                                            : loaded 2 times (x 72B)
Class com.google.common.collect.SingletonImmutableList                                : loaded 2 times (x 207B)
Class Settings_gradle$1                                                               : loaded 2 times (x 74B)
Class org.gradle.internal.classpath.ClassPath                                         : loaded 2 times (x 70B)
Class com.google.common.io.Files$FileByteSource                                       : loaded 2 times (x 85B)
Class com.google.common.base.JdkPattern                                               : loaded 2 times (x 75B)
Class com.google.common.collect.ImmutableList$ReverseImmutableList                    : loaded 2 times (x 209B)
Class org.objectweb.asm.SymbolTable$Entry                                             : loaded 2 times (x 74B)
Class org.gradle.api.internal.classpath.DefaultModuleRegistry$DefaultModuleAlias      : loaded 2 times (x 80B)
Class org.objectweb.asm.Edge                                                          : loaded 2 times (x 72B)
Class com.google.common.base.Suppliers$SupplierOfInstance                             : loaded 2 times (x 79B)
Class com.google.common.collect.Iterators$1                                           : loaded 2 times (x 81B)
Class com.google.common.cache.LocalCache$ComputingValueReference                      : loaded 2 times (x 96B)
Class com.google.common.collect.SingletonImmutableSet                                 : loaded 2 times (x 146B)
Class com.google.common.collect.ImmutableMap$IteratorBasedImmutableMap                : loaded 2 times (x 126B)
Class com.google.common.cache.LocalCache$Segment                                      : loaded 2 times (x 154B)
Class com.google.common.collect.AbstractListMultimap                                  : loaded 2 times (x 172B)
Class [Lorg.objectweb.asm.SymbolTable$Entry;                                          : loaded 2 times (x 69B)
Class com.google.common.cache.CacheLoader                                             : loaded 2 times (x 74B)
Class com.google.common.collect.Iterators$4                                           : loaded 2 times (x 82B)
Class com.google.common.collect.ImmutableBiMap                                        : loaded 2 times (x 143B)
Class org.gradle.api.internal.classpath.ModuleRegistry                                : loaded 2 times (x 70B)
Class org.gradle.internal.installation.GradleInstallation$1                           : loaded 2 times (x 75B)
Class com.google.common.base.Splitter$SplittingIterator                               : loaded 2 times (x 84B)
Class com.google.common.collect.ImmutableSet$JdkBackedSetBuilderImpl                  : loaded 2 times (x 76B)
Class com.google.common.util.concurrent.internal.InternalFutureFailureAccess          : loaded 2 times (x 72B)
Class com.google.common.collect.Iterators$5                                           : loaded 2 times (x 82B)
Class com.google.common.cache.LocalCache$LocalManualCache$1                           : loaded 2 times (x 75B)
Class com.google.common.base.CharMatcher$ForPredicate                                 : loaded 2 times (x 112B)
Class com.google.common.base.CharMatcher$AnyOf                                        : loaded 2 times (x 112B)
Class com.google.common.collect.ImmutableCollection                                   : loaded 2 times (x 125B)
Class org.gradle.api.internal.classpath.DefaultModuleRegistry                         : loaded 2 times (x 84B)
Class com.google.common.collect.Lists                                                 : loaded 2 times (x 71B)
Class com.google.common.util.concurrent.ListenableFuture                              : loaded 2 times (x 70B)
Class com.google.common.cache.ReferenceEntry                                          : loaded 2 times (x 70B)
Class com.google.common.base.Converter                                                : loaded 2 times (x 90B)
Class com.google.common.collect.ImmutableSet$CachingAsList                            : loaded 2 times (x 148B)
Class com.google.common.collect.AbstractMapBasedMultimap                              : loaded 2 times (x 139B)
Class com.google.common.util.concurrent.AbstractFuture                                : loaded 2 times (x 106B)
Class com.google.common.base.FunctionalEquivalence                                    : loaded 2 times (x 83B)
Class com.google.common.collect.Iterators$9                                           : loaded 2 times (x 81B)
Class com.google.common.collect.ImmutableAsList                                       : loaded 2 times (x 209B)
Class org.objectweb.asm.RecordComponentVisitor                                        : loaded 2 times (x 77B)
Class com.google.common.cache.CacheLoader$SupplierToCacheLoader                       : loaded 2 times (x 75B)
Class com.google.common.collect.Maps$EntryTransformer                                 : loaded 2 times (x 70B)
Class org.gradle.internal.service.ServiceLookupException                              : loaded 2 times (x 82B)
Class [Lcom.google.common.cache.LocalCache$EntryFactory;                              : loaded 2 times (x 69B)
Class org.gradle.internal.classloader.ClassLoaderFactory                              : loaded 2 times (x 70B)
Class com.google.common.base.CommonPattern                                            : loaded 2 times (x 74B)
Class com.google.common.cache.LocalCache$LocalManualCache                             : loaded 2 times (x 99B)
Class com.google.common.base.CharMatcher$IsNot                                        : loaded 2 times (x 111B)
Class org.gradle.internal.service.CachingServiceLocator                               : loaded 2 times (x 82B)
Class com.google.common.collect.AbstractMapBasedMultimap$KeySet                       : loaded 2 times (x 137B)
Class com.google.common.math.IntMath                                                  : loaded 2 times (x 71B)
Class org.objectweb.asm.commons.InstructionAdapter                                    : loaded 2 times (x 188B)
Class com.google.common.collect.ImmutableMapEntry                                     : loaded 2 times (x 85B)
Class com.google.common.base.Equivalence                                              : loaded 2 times (x 82B)
Class com.google.common.base.Function                                                 : loaded 2 times (x 70B)
Class com.google.common.collect.ImmutableMapEntry$NonTerminalImmutableMapEntry        : loaded 2 times (x 85B)
Class com.google.common.cache.CacheBuilder$OneWeigher                                 : loaded 2 times (x 82B)
Class com.google.common.collect.RegularImmutableList                                  : loaded 2 times (x 213B)
Class org.gradle.internal.classloader.ClasspathUtil                                   : loaded 2 times (x 71B)
Class com.google.common.util.concurrent.Uninterruptibles                              : loaded 2 times (x 71B)
Class com.google.common.util.concurrent.LazyLogger                                    : loaded 2 times (x 72B)
Class com.google.common.collect.Maps                                                  : loaded 2 times (x 71B)
Class ijKotlinCoroutineJvmDebugInit1_egsf1jk8pkk929ce3erxcvj64                        : loaded 2 times (x 171B)
Class org.gradle.api.specs.Spec                                                       : loaded 2 times (x 70B)
Class [Lcom.google.common.collect.ImmutableEntry;                                     : loaded 2 times (x 69B)
Class com.google.common.cache.LocalCache$LoadingValueReference                        : loaded 2 times (x 96B)
Class com.google.common.base.Platform                                                 : loaded 2 times (x 71B)
Class ijKotlinCoroutineJvmDebugInit1_egsf1jk8pkk929ce3erxcvj64$_run_closure1$_closure2: loaded 2 times (x 139B)
Class com.google.common.collect.AbstractMapBasedMultimap$WrappedList                  : loaded 2 times (x 205B)
Class [Lorg.objectweb.asm.AnnotationWriter;                                           : loaded 2 times (x 69B)
Class com.google.common.collect.Maps$8                                                : loaded 2 times (x 82B)
Class com.google.common.collect.Sets$SetView                                          : loaded 2 times (x 138B)
Class com.google.common.cache.LocalCache$StrongValueReference                         : loaded 2 times (x 90B)
Class ijJvmDebugger1_elsaqjvfhfz8f83hch95eid5a                                        : loaded 2 times (x 171B)
Class com.google.common.graph.SuccessorsFunction                                      : loaded 2 times (x 70B)
Class org.objectweb.asm.Type                                                          : loaded 2 times (x 72B)
Class org.gradle.internal.classloader.VisitableURLClassLoader$InstrumentingVisitableURLClassLoader: loaded 2 times (x 123B)
Class com.google.common.io.Files$FileByteSink                                         : loaded 2 times (x 77B)
Class com.google.common.math.IntMath$1                                                : loaded 2 times (x 71B)
Class org.objectweb.asm.ByteVector                                                    : loaded 2 times (x 79B)
Class [Lcom.google.common.cache.CacheBuilder$NullListener;                            : loaded 2 times (x 69B)
Class org.gradle.internal.classloader.VisitableURLClassLoader$Spec                    : loaded 2 times (x 74B)
Class org.gradle.internal.classpath.DefaultClassPath                                  : loaded 2 times (x 90B)
Class com.google.common.base.AbstractIterator                                         : loaded 2 times (x 80B)
Class org.objectweb.asm.Symbol                                                        : loaded 2 times (x 73B)
Class com.google.common.io.Closer                                                     : loaded 2 times (x 78B)
Class com.google.common.base.CharMatcher$BitSetMatcher                                : loaded 2 times (x 112B)
Class com.google.common.collect.RegularImmutableMap$Values                            : loaded 2 times (x 207B)
Class com.google.common.collect.ImmutableSet                                          : loaded 2 times (x 145B)
Class org.gradle.internal.classloader.ClassLoaderSpec                                 : loaded 2 times (x 71B)
Class org.objectweb.asm.AnnotationWriter                                              : loaded 2 times (x 79B)
Class com.google.common.cache.CacheStats                                              : loaded 2 times (x 71B)
Class com.google.common.io.Closer$Suppressor                                          : loaded 2 times (x 70B)
Class com.google.common.io.LineProcessor                                              : loaded 2 times (x 70B)
Class org.objectweb.asm.RecordComponentWriter                                         : loaded 2 times (x 78B)
Class com.google.common.util.concurrent.AbstractFuture$Listener                       : loaded 2 times (x 72B)
Class com.google.common.base.CharMatcher$Or                                           : loaded 2 times (x 112B)
Class Settings_gradle$1$1                                                             : loaded 2 times (x 74B)
Class org.gradle.api.internal.classpath.Module$ModuleAlias                            : loaded 2 times (x 70B)
Class org.objectweb.asm.Attribute                                                     : loaded 2 times (x 77B)
Class com.google.common.base.Supplier                                                 : loaded 2 times (x 70B)
Class org.gradle.internal.classloader.VisitableURLClassLoader                         : loaded 2 times (x 117B)
Class Settings_gradle                                                                 : loaded 2 times (x 124B)
Class org.gradle.internal.Cast                                                        : loaded 2 times (x 71B)
Class org.gradle.api.Action                                                           : loaded 2 times (x 70B)
Class com.google.common.base.Strings                                                  : loaded 2 times (x 71B)
Class com.google.common.collect.Sets                                                  : loaded 2 times (x 71B)
Class org.objectweb.asm.Handler                                                       : loaded 2 times (x 72B)
Class com.google.common.base.Ticker                                                   : loaded 2 times (x 72B)
Class com.google.common.base.CharMatcher$FastMatcher                                  : loaded 2 times (x 111B)
Class ijJvmDebugger1_elsaqjvfhfz8f83hch95eid5a$_run_closure1                          : loaded 2 times (x 139B)
Class [Lcom.google.common.cache.LocalCache$Segment;                                   : loaded 2 times (x 69B)
Class [Lcom.google.common.cache.LocalCache$Strength;                                  : loaded 2 times (x 69B)
Class com.google.common.cache.CacheBuilder$1                                          : loaded 2 times (x 85B)
Class com.google.common.base.Predicate                                                : loaded 2 times (x 70B)
Class com.google.common.collect.ImmutableMap                                          : loaded 2 times (x 120B)
Class org.gradle.internal.classpath.DefaultClassPath$ImmutableUniqueList$Builder      : loaded 2 times (x 75B)
Class com.google.common.cache.LocalCache                                              : loaded 2 times (x 187B)
Class com.google.common.cache.CacheBuilder$2                                          : loaded 2 times (x 79B)
Class com.google.common.base.CharMatcher$NegatedFastMatcher                           : loaded 2 times (x 113B)
Class com.google.common.collect.ArrayListMultimap                                     : loaded 2 times (x 172B)
Class com.google.common.cache.CacheBuilder$3                                          : loaded 2 times (x 72B)
Class [Lcom.google.common.collect.AbstractMapEntry;                                   : loaded 2 times (x 69B)
Class com.google.common.collect.ImmutableEntry                                        : loaded 2 times (x 82B)
Class org.gradle.api.GradleException                                                  : loaded 2 times (x 82B)
Class com.google.common.collect.CollectPreconditions                                  : loaded 2 times (x 71B)
Class [Lcom.google.common.io.FileWriteMode;                                           : loaded 2 times (x 69B)
Class com.google.common.collect.SortedMapDifference                                   : loaded 2 times (x 70B)
Class com.google.common.io.Files                                                      : loaded 2 times (x 71B)
Class com.google.common.cache.LocalCache$EntryFactory                                 : loaded 2 times (x 83B)
Class com.google.common.cache.LocalCache$AbstractReferenceEntry                       : loaded 2 times (x 107B)
Class org.gradle.internal.IoActions                                                   : loaded 2 times (x 71B)
Class org.objectweb.asm.SymbolTable                                                   : loaded 2 times (x 72B)
Class com.google.common.cache.CacheLoader$InvalidCacheLoadException                   : loaded 2 times (x 82B)
Class com.google.common.collect.ImmutableSet$RegularSetBuilderImpl                    : loaded 2 times (x 77B)
Class com.google.common.cache.LocalCache$StrongEntry                                  : loaded 2 times (x 108B)
Class com.google.common.util.concurrent.AbstractFuture$TrustedFuture                  : loaded 2 times (x 114B)
Class com.google.common.cache.LoadingCache                                            : loaded 2 times (x 70B)
Class org.objectweb.asm.MethodWriter                                                  : loaded 2 times (x 106B)
Class [Lcom.google.common.cache.Weigher;                                              : loaded 2 times (x 69B)
Class com.google.common.collect.RegularImmutableMap$BucketOverflowException           : loaded 2 times (x 82B)
Class com.google.common.collect.AbstractMapBasedMultimap$RandomAccessWrappedList      : loaded 2 times (x 205B)
Class com.google.common.collect.RegularImmutableBiMap                                 : loaded 2 times (x 149B)
Class com.google.common.cache.LocalCache$ValueReference                               : loaded 2 times (x 70B)
Class com.google.common.base.CharMatcher$Negated                                      : loaded 2 times (x 113B)
Class com.google.common.base.CharMatcher$Is                                           : loaded 2 times (x 111B)
Class com.google.common.base.PatternCompiler                                          : loaded 2 times (x 70B)
Class com.google.common.util.concurrent.AbstractFuture$Failure                        : loaded 2 times (x 72B)
Class com.google.common.base.Equivalence$Equals                                       : loaded 2 times (x 82B)
Class com.google.common.collect.Hashing                                               : loaded 2 times (x 71B)
Class com.google.common.base.Preconditions                                            : loaded 2 times (x 71B)
Class com.google.common.io.CharSink                                                   : loaded 2 times (x 79B)
Class com.google.common.base.Joiner$1                                                 : loaded 2 times (x 80B)
Class org.objectweb.asm.Label                                                         : loaded 2 times (x 73B)
Class org.objectweb.asm.CurrentFrame                                                  : loaded 2 times (x 73B)
Class org.objectweb.asm.ClassTooLargeException                                        : loaded 2 times (x 83B)
Class com.google.common.base.CharMatcher                                              : loaded 2 times (x 111B)
Class com.google.common.collect.PeekingIterator                                       : loaded 2 times (x 70B)
Class com.google.common.collect.Maps$IteratorBasedAbstractMap                         : loaded 2 times (x 125B)
Class com.google.common.collect.Table                                                 : loaded 2 times (x 70B)
Class com.google.common.base.Joiner$2                                                 : loaded 2 times (x 79B)
Class org.objectweb.asm.Frame                                                         : loaded 2 times (x 73B)
Class org.objectweb.asm.MethodVisitor                                                 : loaded 2 times (x 105B)
Class com.google.common.cache.LocalCache$EntryFactory$1                               : loaded 2 times (x 83B)
Class [Lcom.google.common.cache.RemovalListener;                                      : loaded 2 times (x 69B)
Class com.google.common.base.CharMatcher$1                                            : loaded 2 times (x 113B)
Class com.google.common.base.CharMatcher$NamedFastMatcher                             : loaded 2 times (x 112B)
Class com.google.common.cache.LocalCache$EntryFactory$2                               : loaded 2 times (x 83B)
Class org.objectweb.asm.ModuleWriter                                                  : loaded 2 times (x 82B)
Class com.google.common.cache.LocalCache$EntryFactory$3                               : loaded 2 times (x 83B)
Class com.google.common.base.Ticker$1                                                 : loaded 2 times (x 72B)
Class com.google.common.collect.Maps$BiMapConverter                                   : loaded 2 times (x 90B)
Class com.google.common.collect.ImmutableMapEntrySet$RegularEntrySet                  : loaded 2 times (x 152B)
Class com.google.common.collect.ImmutableSet$Builder                                  : loaded 2 times (x 85B)
Class com.google.common.cache.LocalCache$EntryFactory$4                               : loaded 2 times (x 83B)
Class com.google.common.base.CharMatcher$InRange                                      : loaded 2 times (x 111B)
Class com.google.common.cache.LocalCache$EntryFactory$5                               : loaded 2 times (x 83B)
Class com.google.common.base.PairwiseEquivalence                                      : loaded 2 times (x 83B)
Class com.google.common.cache.LocalCache$EntryFactory$6                               : loaded 2 times (x 83B)
Class org.gradle.internal.installation.CurrentGradleInstallationLocator               : loaded 2 times (x 71B)
Class com.google.common.collect.Maps$KeySet                                           : loaded 2 times (x 137B)
Class com.google.common.collect.ImmutableSet$EmptySetBuilderImpl                      : loaded 2 times (x 76B)
Class com.google.common.cache.LocalCache$EntryFactory$7                               : loaded 2 times (x 83B)
Class com.google.common.collect.ImmutableList                                         : loaded 2 times (x 206B)
Class org.gradle.internal.service.DefaultServiceLocator                               : loaded 2 times (x 83B)
Class com.google.common.collect.Maps$EntrySet                                         : loaded 2 times (x 136B)
Class com.google.common.cache.LocalCache$EntryFactory$8                               : loaded 2 times (x 83B)
Class com.google.common.collect.ImmutableSet$SetBuilderImpl                           : loaded 2 times (x 76B)
Class org.gradle.internal.installation.CurrentGradleInstallation                      : loaded 2 times (x 73B)
Class com.google.common.cache.CacheLoader$1                                           : loaded 2 times (x 75B)
Class com.google.common.collect.ImmutableList$SubList                                 : loaded 2 times (x 209B)
Class org.gradle.util.internal.GUtil                                                  : loaded 2 times (x 71B)
Class com.google.common.io.ByteSource                                                 : loaded 2 times (x 84B)
Class com.google.common.cache.AbstractCache$StatsCounter                              : loaded 2 times (x 70B)
Class com.google.common.collect.Iterators$MergingIterator                             : loaded 2 times (x 81B)
Class com.google.common.collect.RegularImmutableSet                                   : loaded 2 times (x 149B)
Class org.gradle.internal.installation.GradleInstallation                             : loaded 2 times (x 75B)
Class com.google.common.base.Splitter$Strategy                                        : loaded 2 times (x 70B)
Class com.google.common.collect.Iterables                                             : loaded 2 times (x 71B)

---------------  S Y S T E M  ---------------

OS:
 Windows 11 , 64 bit Build 26100 (10.0.26100.8328)
OS uptime: 8 days 20:22 hours
Hyper-V role detected

CPU: total 12 (initial active 12) (6 cores per cpu, 2 threads per core) family 6 model 186 stepping 3 microcode 0x5105, cx8, cmov, fxsr, ht, mmx, 3dnowpref, sse, sse2, sse3, ssse3, sse4.1, sse4.2, popcnt, lzcnt, tsc, tscinvbit, avx, avx2, aes, erms, clmul, bmi1, bmi2, adx, sha, fma, vzeroupper, clflush, clflushopt, clwb, hv, serialize, rdtscp, rdpid, fsrm, f16c, cet_ibt, cet_ss
Processor Information for the first 12 processors :
  Max Mhz: 1300, Current Mhz: 1300, Mhz Limit: 1300

Memory: 4k page, system-wide physical 5687M (4M free)
TotalPageFile size 23095M (AvailPageFile size 7M)
current process WorkingSet (physical memory assigned to process): 86M, peak: 337M
current process commit charge ("private bytes"): 567M, peak: 570M

vm_info: OpenJDK 64-Bit Server VM (21.0.10+-14961533-b1163.108) for windows-amd64 JRE (21.0.10+-14961533-b1163.108), built on 2026-03-02T19:58:50Z by "builder" with MS VC++ 16.10 / 16.11 (VS2019)

END.
